0,1,2,3,4,5,6,7,8,9,10,11,12,13
-0.06168065592646599,0.21505331993103027,-0.016987338662147522,-0.06354669481515884,-0.07257761061191559,0.012192346155643463,0.04709731042385101,-0.2403867095708847,0.017344653606414795,0.007360510528087616,0.14570343494415283,-0.06128831207752228,0.1651189625263214,0.0
-0.06510194391012192,0.210199236869812,-0.01714615523815155,-0.0629841759800911,-0.07251967489719391,0.016454339027404785,0.04866524785757065,-0.23557813465595245,0.015377268195152283,0.005374029278755188,0.14467699825763702,-0.06487295031547546,0.1643787920475006,0.0
-0.06385362893342972,0.21222388744354248,-0.017313003540039062,-0.06401599943637848,-0.07358548045158386,0.013722896575927734,0.04745110869407654,-0.2378249615430832,0.01732654869556427,0.005314648151397705,0.14551205933094025,-0.06287150084972382,0.16412405669689178,0.0
-0.06437300145626068,0.21078455448150635,-0.017633572220802307,-0.06273078918457031,-0.0729987770318985,0.01477891206741333,0.04824298620223999,-0.23665004968643188,0.015932898968458176,0.005533367395401001,0.1446373164653778,-0.0635560005903244,0.1641329526901245,0.0
-0.06435155123472214,0.20999425649642944,-0.01818665862083435,-0.06264498829841614,-0.07287752628326416,0.015958555042743683,0.04861164093017578,-0.2364732325077057,0.01534530520439148,0.0052568987011909485,0.14510202407836914,-0.06498732417821884,0.1642119288444519,0.0
-0.06283287703990936,0.21237841248512268,-0.01788446307182312,-0.06228093057870865,-0.07336829602718353,0.013582676649093628,0.04751911014318466,-0.23847538232803345,0.01624292880296707,0.006469041109085083,0.14459571242332458,-0.06266176700592041,0.16487087309360504,0.0
-0.06396777927875519,0.21079234778881073,-0.018197551369667053,-0.062406253069639206,-0.07247939705848694,0.016012758016586304,0.04789698123931885,-0.23687385022640228,0.015273064374923706,0.005954563617706299,0.1445530652999878,-0.0643220916390419,0.16470074653625488,0.0
-0.06045563891530037,0.21514543890953064,-0.01692311465740204,-0.06309296190738678,-0.07313382625579834,0.010042831301689148,0.046729303896427155,-0.2414100468158722,0.01747177541255951,0.006181865930557251,0.14612862467765808,-0.05994690954685211,0.16465792059898376,0.0
-0.06383717805147171,0.21239778399467468,-0.01745001971721649,-0.06240052729845047,-0.07263749092817307,0.013850174844264984,0.04761899262666702,-0.23759303987026215,0.015948381274938583,0.006344348192214966,0.14483463764190674,-0.06270703673362732,0.16486524045467377,0.0
-0.06409862637519836,0.21050554513931274,-0.017568469047546387,-0.06333344429731369,-0.07290738821029663,0.014837682247161865,0.048117347061634064,-0.23698605597019196,0.016449935734272003,0.004960596561431885,0.1452372968196869,-0.06364434212446213,0.16371169686317444,0.0
-0.06418102979660034,0.21031969785690308,-0.017979159951210022,-0.06276088207960129,-0.07304492592811584,0.016040802001953125,0.04816964268684387,-0.23617595434188843,0.015880562365055084,0.005449332296848297,0.14451801776885986,-0.06445175409317017,0.16423867642879486,0.0
-0.06385743618011475,0.21105432510375977,-0.017822161316871643,-0.06280937045812607,-0.07315222173929214,0.014868035912513733,0.048049986362457275,-0.2370232790708542,0.015800535678863525,0.005248799920082092,0.14504316449165344,-0.06361310929059982,0.16418348252773285,0.0
-0.06318280100822449,0.21086056530475616,-0.018352225422859192,-0.06225769966840744,-0.07318983972072601,0.016322456300258636,0.04736262559890747,-0.23685622215270996,0.015379521995782852,0.005826428532600403,0.1435040384531021,-0.06414677202701569,0.16461218893527985,0.0
-0.06346890330314636,0.210762619972229,-0.018521994352340698,-0.06418021768331528,-0.07401005923748016,0.01557709276676178,0.047888435423374176,-0.23736777901649475,0.016294419765472412,0.00549788773059845,0.14515924453735352,-0.06394971907138824,0.163625106215477,0.0
-0.06335076689720154,0.21292361617088318,-0.017277777194976807,-0.06231670826673508,-0.07281267642974854,0.012982338666915894,0.04717361927032471,-0.23747611045837402,0.016386806964874268,0.006037101149559021,0.14481079578399658,-0.062354348599910736,0.1645491123199463,0.0
-0.06397810578346252,0.20991668105125427,-0.01819603145122528,-0.06301451474428177,-0.07295644283294678,0.016510918736457825,0.04818278178572655,-0.23635061085224152,0.015752583742141724,0.005426809191703796,0.14436662197113037,-0.06444822251796722,0.16383513808250427,0.0
-0.06313413381576538,0.2112189680337906,-0.018183991312980652,-0.06272390484809875,-0.07330328226089478,0.014370143413543701,0.04767761379480362,-0.23717190325260162,0.01590915024280548,0.005260966718196869,0.1448974907398224,-0.06339109688997269,0.1638970971107483,0.0
-0.062068816274404526,0.2136950045824051,-0.017946869134902954,-0.06338533759117126,-0.07308433949947357,0.012176468968391418,0.04728242754936218,-0.2393273562192917,0.017573624849319458,0.005924314260482788,0.14602042734622955,-0.06114654242992401,0.16396452486515045,0.0
-0.06452181935310364,0.21078899502754211,-0.01746360957622528,-0.06279974430799484,-0.07254760712385178,0.01630321890115738,0.04818565025925636,-0.23658937215805054,0.015135955065488815,0.005558863282203674,0.14430370926856995,-0.06446034461259842,0.16461041569709778,0.0
-0.06357227265834808,0.2119809091091156,-0.01800474524497986,-0.06210799142718315,-0.07315951585769653,0.013512268662452698,0.047209739685058594,-0.23701666295528412,0.016384214162826538,0.005787424743175507,0.14488434791564941,-0.06308476626873016,0.1643819361925125,0.0
-0.062236983329057693,0.21319057047367096,-0.017800942063331604,-0.06310436874628067,-0.07233171164989471,0.013007059693336487,0.047563083469867706,-0.23908565938472748,0.01656956970691681,0.006363272666931152,0.14582447707653046,-0.06237472593784332,0.1644449383020401,0.0
-0.0642850399017334,0.2112635225057602,-0.01761510968208313,-0.06262833625078201,-0.07331082224845886,0.01422160118818283,0.04809737950563431,-0.23792724311351776,0.01585421711206436,0.005441300570964813,0.14538687467575073,-0.06360159814357758,0.1646711826324463,0.0
-0.06449048966169357,0.21036922931671143,-0.017634287476539612,-0.06268114596605301,-0.0728638619184494,0.016606055200099945,0.04817334562540054,-0.23559865355491638,0.015298247337341309,0.005311034619808197,0.1438819319009781,-0.06472240388393402,0.16438961029052734,0.0
-0.06425854563713074,0.21136248111724854,-0.01707775890827179,-0.06265640258789062,-0.07322600483894348,0.015092752873897552,0.04763636738061905,-0.23690220713615417,0.01582479104399681,0.005716681480407715,0.14416126906871796,-0.06364075839519501,0.16472874581813812,0.0
-0.06519977748394012,0.2101917713880539,-0.01721450686454773,-0.06339694559574127,-0.07274402678012848,0.016328483819961548,0.04877275228500366,-0.23626485466957092,0.01564713940024376,0.004968777298927307,0.1450222134590149,-0.06450287252664566,0.16397030651569366,0.0
-0.0629420354962349,0.21230070292949677,-0.017286047339439392,-0.06412952393293381,-0.07340938597917557,0.012360617518424988,0.04731977730989456,-0.2380189597606659,0.01718580722808838,0.00512029230594635,0.14571604132652283,-0.06198184937238693,0.1635458916425705,0.0
-0.06458254158496857,0.21021348237991333,-0.017893821001052856,-0.06243204325437546,-0.0734609067440033,0.015117399394512177,0.04800865054130554,-0.23636145889759064,0.01563103124499321,0.0054050832986831665,0.1443740725517273,-0.06409968435764313,0.16415202617645264,0.0
-0.06424111127853394,0.21092160046100616,-0.018421009182929993,-0.06301191449165344,-0.07336147129535675,0.015054963529109955,0.04769426956772804,-0.23691606521606445,0.015350669622421265,0.0058884769678115845,0.14449499547481537,-0.0637085810303688,0.1641918122768402,0.0
-0.0626351535320282,0.21242959797382355,-0.017930909991264343,-0.06255430728197098,-0.07299299538135529,0.013366132974624634,0.04729502648115158,-0.23895317316055298,0.015928983688354492,0.0063331276178359985,0.14495372772216797,-0.06247074156999588,0.16469387710094452,0.0
-0.0634005069732666,0.21195478737354279,-0.01756216585636139,-0.062374893575906754,-0.07257767766714096,0.013240769505500793,0.0477878674864769,-0.23788584768772125,0.01664230227470398,0.005515500903129578,0.14551013708114624,-0.06256501376628876,0.16419221460819244,0.0
-0.0623619444668293,0.21333584189414978,-0.01740594208240509,-0.06369338184595108,-0.07382909953594208,0.011589288711547852,0.047005102038383484,-0.23942723870277405,0.01698996126651764,0.005161002278327942,0.145973801612854,-0.061671048402786255,0.16428957879543304,0.0
-0.0633239820599556,0.21169890463352203,-0.018397346138954163,-0.06284839659929276,-0.07317332923412323,0.014334924519062042,0.047862693667411804,-0.23773370683193207,0.015932299196720123,0.006174728274345398,0.14522552490234375,-0.0634375587105751,0.16446377336978912,0.0
-0.06386698782444,0.21236690878868103,-0.017414435744285583,-0.06234963610768318,-0.07257484644651413,0.012433156371116638,0.048322148621082306,-0.2384888082742691,0.016186021268367767,0.006309404969215393,0.14601263403892517,-0.062047600746154785,0.16459830105304718,0.0
-0.0647488608956337,0.21092021465301514,-0.016919463872909546,-0.062259286642074585,-0.07291847467422485,0.01452307403087616,0.04811819642782211,-0.23661723732948303,0.015667103230953217,0.00543445348739624,0.14493978023529053,-0.06384923309087753,0.1646118462085724,0.0
-0.06273309886455536,0.2126176655292511,-0.01740841567516327,-0.06198280304670334,-0.07306886464357376,0.01277323067188263,0.047295086085796356,-0.23831766843795776,0.01597697287797928,0.006016433238983154,0.14446702599525452,-0.062191471457481384,0.16496652364730835,0.0
-0.0638018399477005,0.21129220724105835,-0.01786459982395172,-0.06209664046764374,-0.07332734018564224,0.013751871883869171,0.04748174548149109,-0.2371099293231964,0.016039729118347168,0.005705989897251129,0.14470510184764862,-0.0630190446972847,0.16440807282924652,0.0
-0.06523275375366211,0.21040675044059753,-0.017682060599327087,-0.0626131147146225,-0.07292736321687698,0.015676423907279968,0.04829276353120804,-0.2359636425971985,0.015456236898899078,0.005267232656478882,0.1443036049604416,-0.06381045281887054,0.16429823637008667,0.0
-0.0636945366859436,0.21200329065322876,-0.01779407262802124,-0.06348803639411926,-0.07297056913375854,0.014214977622032166,0.04742862284183502,-0.23745863139629364,0.01654878258705139,0.006772823631763458,0.14469122886657715,-0.06262991577386856,0.164245143532753,0.0
-0.06448563933372498,0.21126601099967957,-0.017904996871948242,-0.06308241933584213,-0.07262677699327469,0.013743631541728973,0.04847472906112671,-0.23743362724781036,0.015862688422203064,0.005834177136421204,0.14586856961250305,-0.06302069872617722,0.16410142183303833,0.0
-0.06485757231712341,0.2105405628681183,-0.017508864402770996,-0.06304917484521866,-0.07275304198265076,0.015316121280193329,0.04856150597333908,-0.23623627424240112,0.015869535505771637,0.005299657583236694,0.14499160647392273,-0.06389211863279343,0.16393694281578064,0.0
-0.06332604587078094,0.2115478515625,-0.01777559518814087,-0.06350021064281464,-0.07296687364578247,0.01467151939868927,0.04766227304935455,-0.23755165934562683,0.015787865966558456,0.005798034369945526,0.1450202465057373,-0.06301837414503098,0.1640729159116745,0.0
-0.06539739668369293,0.20879006385803223,-0.018292367458343506,-0.06300884485244751,-0.07313662767410278,0.018478326499462128,0.04889465123414993,-0.23491521179676056,0.014783937484025955,0.005270630121231079,0.14387498795986176,-0.06614465266466141,0.1640750765800476,0.0
-0.063615582883358,0.21163293719291687,-0.017682671546936035,-0.06281229853630066,-0.07297894358634949,0.013369262218475342,0.04754666984081268,-0.23744052648544312,0.01660923659801483,0.00557321310043335,0.14499419927597046,-0.06229758262634277,0.16384848952293396,0.0
-0.06459972262382507,0.2107871174812317,-0.018064185976982117,-0.06258216500282288,-0.07337725162506104,0.013691544532775879,0.04771258682012558,-0.23718583583831787,0.015799690037965775,0.004889227449893951,0.14477774500846863,-0.06271331012248993,0.1638738512992859,0.0
-0.06413650512695312,0.21127665042877197,-0.018482595682144165,-0.06254695355892181,-0.07333651185035706,0.015168935060501099,0.047716591507196426,-0.23672746121883392,0.01533258706331253,0.005858629941940308,0.14475800096988678,-0.0640682727098465,0.1645697057247162,0.0
-0.06303618848323822,0.21311643719673157,-0.01793639361858368,-0.06252669543027878,-0.07275205850601196,0.013712860643863678,0.04762885719537735,-0.23895466327667236,0.01547972857952118,0.006489098072052002,0.145427405834198,-0.06279835850000381,0.16538622975349426,0.0
-0.06402960419654846,0.21096457540988922,-0.018028482794761658,-0.06234704330563545,-0.0728873461484909,0.01529434323310852,0.047978468239307404,-0.2370365560054779,0.015314195305109024,0.005209624767303467,0.1446954756975174,-0.0639500766992569,0.16442790627479553,0.0
-0.06254623830318451,0.2121710628271103,-0.01804448664188385,-0.06338660418987274,-0.07341571152210236,0.014388173818588257,0.04742971807718277,-0.23796463012695312,0.016553662717342377,0.005690902471542358,0.14573873579502106,-0.06371677666902542,0.16434526443481445,0.0
-0.06489413231611252,0.21018455922603607,-0.01846851408481598,-0.06240348145365715,-0.07324475049972534,0.016032785177230835,0.04796748235821724,-0.23581427335739136,0.01518404483795166,0.005348004400730133,0.14440858364105225,-0.06442280113697052,0.16434617340564728,0.0
-0.06168065592646599,0.21505331993103027,-0.016987338662147522,-0.06354669481515884,-0.07257761061191559,0.012192346155643463,0.04709731042385101,-0.2403867095708847,0.017344653606414795,0.007360510528087616,0.14570343494415283,-0.06128831207752228,0.1651189625263214,0.0
-0.06332005560398102,0.21261177957057953,-0.018092185258865356,-0.06280231475830078,-0.07322075217962265,0.01309862732887268,0.047358110547065735,-0.23872804641723633,0.016083955764770508,0.006175145506858826,0.14559493958950043,-0.06236964464187622,0.16465868055820465,0.0
-0.06413104385137558,0.2113666832447052,-0.01763494312763214,-0.06312938034534454,-0.07346226274967194,0.01494886726140976,0.04764541983604431,-0.23694920539855957,0.015919562429189682,0.005839094519615173,0.1447332352399826,-0.06385424733161926,0.164457306265831,0.0
-0.06225873902440071,0.21245194971561432,-0.01854480803012848,-0.06243453174829483,-0.07325311750173569,0.013006903231143951,0.04729972779750824,-0.23898497223854065,0.016154978424310684,0.0057976096868515015,0.1455506980419159,-0.062366850674152374,0.16452938318252563,0.0
-0.06235039606690407,0.21321460604667664,-0.017646893858909607,-0.0629083514213562,-0.07274185121059418,0.012948751449584961,0.04720713198184967,-0.2385692149400711,0.01661624014377594,0.006029605865478516,0.14529746770858765,-0.061820752918720245,0.16448256373405457,0.0
-0.06327013671398163,0.21181833744049072,-0.017704710364341736,-0.062082745134830475,-0.07305288314819336,0.015090450644493103,0.047377556562423706,-0.23701083660125732,0.015406042337417603,0.00608496367931366,0.14396348595619202,-0.0634976476430893,0.1649145483970642,0.0
-0.06308096647262573,0.21237634122371674,-0.017199382185935974,-0.06280367821455002,-0.07273347675800323,0.013560183346271515,0.04746053367853165,-0.23809099197387695,0.01638883352279663,0.005780845880508423,0.14529183506965637,-0.06301309913396835,0.1646687388420105,0.0
-0.06383740901947021,0.2114289551973343,-0.01745586097240448,-0.06285427510738373,-0.07279787957668304,0.01504112035036087,0.047983963042497635,-0.2367565631866455,0.015722457319498062,0.005544140934944153,0.14445866644382477,-0.06324391067028046,0.16445237398147583,0.0
-0.0644964724779129,0.2103641778230667,-0.01751391589641571,-0.0625074952840805,-0.07258179038763046,0.016478046774864197,0.04804663732647896,-0.23655247688293457,0.01514197513461113,0.005442500114440918,0.1442011296749115,-0.0645463615655899,0.16462457180023193,0.0
-0.061673399060964584,0.2136535346508026,-0.01824183762073517,-0.06271221488714218,-0.07301075756549835,0.01205357164144516,0.047175079584121704,-0.23992189764976501,0.016698896884918213,0.006945207715034485,0.14581486582756042,-0.061500534415245056,0.1646900475025177,0.0
-0.06510194391012192,0.210199236869812,-0.01714615523815155,-0.0629841759800911,-0.07251967489719391,0.016454339027404785,0.04866524785757065,-0.23557813465595245,0.015377268195152283,0.005374029278755188,0.14467699825763702,-0.06487295031547546,0.1643787920475006,0.0
-0.06318280100822449,0.21086056530475616,-0.018352225422859192,-0.06225769966840744,-0.07318983972072601,0.016322456300258636,0.04736262559890747,-0.23685622215270996,0.015379521995782852,0.005826428532600403,0.1435040384531021,-0.06414677202701569,0.16461218893527985,0.0
-0.06425854563713074,0.21136248111724854,-0.01707775890827179,-0.06265640258789062,-0.07322600483894348,0.015092752873897552,0.04763636738061905,-0.23690220713615417,0.01582479104399681,0.005716681480407715,0.14416126906871796,-0.06364075839519501,0.16472874581813812,0.0
-0.06273309886455536,0.2126176655292511,-0.01740841567516327,-0.06198280304670334,-0.07306886464357376,0.01277323067188263,0.047295086085796356,-0.23831766843795776,0.01597697287797928,0.006016433238983154,0.14446702599525452,-0.062191471457481384,0.16496652364730835,0.0
-0.06303618848323822,0.21311643719673157,-0.01793639361858368,-0.06252669543027878,-0.07275205850601196,0.013712860643863678,0.04762885719537735,-0.23895466327667236,0.01547972857952118,0.006489098072052002,0.145427405834198,-0.06279835850000381,0.16538622975349426,0.0
-0.06383740901947021,0.2114289551973343,-0.01745586097240448,-0.06285427510738373,-0.07279787957668304,0.01504112035036087,0.047983963042497635,-0.2367565631866455,0.015722457319498062,0.005544140934944153,0.14445866644382477,-0.06324391067028046,0.16445237398147583,0.0
-0.06276144087314606,0.21207508444786072,-0.017837464809417725,-0.06292128562927246,-0.0735592395067215,0.012978442013263702,0.047174543142318726,-0.2383725345134735,0.016373738646507263,0.00544564425945282,0.14536704123020172,-0.06267906725406647,0.1643522083759308,0.0
-0.06467972695827484,0.21143673360347748,-0.01720745861530304,-0.062311865389347076,-0.07227388024330139,0.016014203429222107,0.04767821729183197,-0.2360956221818924,0.015347026288509369,0.0063767582178115845,0.143671914935112,-0.06382770091295242,0.16496650874614716,0.0
-0.06276144087314606,0.21207508444786072,-0.017837464809417725,-0.06292128562927246,-0.0735592395067215,0.012978442013263702,0.047174543142318726,-0.2383725345134735,0.016373738646507263,0.00544564425945282,0.14536704123020172,-0.06267906725406647,0.1643522083759308,0.0
-0.06324321031570435,0.21224302053451538,-0.018470540642738342,-0.06210997700691223,-0.07295210659503937,0.014066793024539948,0.047786734998226166,-0.23766830563545227,0.015872124582529068,0.006879836320877075,0.14492563903331757,-0.06313415616750717,0.16500583291053772,0.0
-0.06303484737873077,0.21171121299266815,-0.01816229522228241,-0.06257705390453339,-0.07325412333011627,0.013486489653587341,0.04752659052610397,-0.2373235523700714,0.01640602946281433,0.005190558731555939,0.1450120061635971,-0.06285662949085236,0.1638961136341095,0.0
-0.0640057846903801,0.2113070785999298,-0.017959102988243103,-0.06272722780704498,-0.07230731844902039,0.016389518976211548,0.048222966492176056,-0.23719611763954163,0.015068717300891876,0.006322085857391357,0.1443924903869629,-0.0642751008272171,0.1646251231431961,0.0
-0.06427605450153351,0.21086932718753815,-0.017237409949302673,-0.06327114254236221,-0.07256752997636795,0.016109496355056763,0.04798373579978943,-0.23615121841430664,0.01590026170015335,0.004706665873527527,0.1445891261100769,-0.06399190425872803,0.16399337351322174,0.0
-0.06597813963890076,0.20846551656723022,-0.01781018078327179,-0.06273815780878067,-0.07286686450242996,0.019245266914367676,0.04896564781665802,-0.23451444506645203,0.014292430132627487,0.004510939121246338,0.14338871836662292,-0.06638538837432861,0.16402927041053772,0.0
-0.0656464695930481,0.20936740934848785,-0.01782985031604767,-0.06297238171100616,-0.07297250628471375,0.017313718795776367,0.04881829023361206,-0.23566703498363495,0.014919832348823547,0.005056329071521759,0.14423540234565735,-0.06511823832988739,0.16399523615837097,0.0
-0.06376644968986511,0.21089963614940643,-0.017560184001922607,-0.06240668147802353,-0.07265687733888626,0.015059545636177063,0.047998279333114624,-0.23694711923599243,0.01544322818517685,0.005180947482585907,0.14468780159950256,-0.06366799026727676,0.16432996094226837,0.0
-0.06477159261703491,0.21118733286857605,-0.01758939027786255,-0.06334750354290009,-0.07286703586578369,0.015277750790119171,0.04845553636550903,-0.23706550896167755,0.015321437269449234,0.005113542079925537,0.14541594684123993,-0.06396107375621796,0.16422605514526367,0.0
-0.06356079131364822,0.21289294958114624,-0.017496854066848755,-0.06298622488975525,-0.07304675132036209,0.012230493128299713,0.04782579839229584,-0.238882914185524,0.01640932261943817,0.005899950861930847,0.14645728468894958,-0.06241452693939209,0.16485324501991272,0.0
-0.06262676417827606,0.21322894096374512,-0.018006280064582825,-0.06243443116545677,-0.0728500634431839,0.012406617403030396,0.04734419286251068,-0.23854099214076996,0.01643308997154236,0.005959868431091309,0.14601659774780273,-0.06205208599567413,0.16464965045452118,0.0
-0.06467972695827484,0.21143673360347748,-0.01720745861530304,-0.062311865389347076,-0.07227388024330139,0.016014203429222107,0.04767821729183197,-0.2360956221818924,0.015347026288509369,0.0063767582178115845,0.143671914935112,-0.06382770091295242,0.16496650874614716,0.0
-0.06559719145298004,0.2097231149673462,-0.016848772764205933,-0.0631091296672821,-0.07239095866680145,0.016993172466754913,0.04916943609714508,-0.23507249355316162,0.015271879732608795,0.004900522530078888,0.14469274878501892,-0.06484119594097137,0.16406717896461487,0.0
-0.06294336915016174,0.2133694291114807,-0.017821505665779114,-0.06307391077280045,-0.07321733236312866,0.011618047952651978,0.04737922549247742,-0.23920978605747223,0.017238304018974304,0.006321236491203308,0.14610108733177185,-0.06151113659143448,0.16437728703022003,0.0
-0.06412623822689056,0.21168360114097595,-0.017472416162490845,-0.06270390748977661,-0.07261846959590912,0.014688454568386078,0.04772021621465683,-0.23670339584350586,0.01593630760908127,0.006356202065944672,0.14475683867931366,-0.06335865706205368,0.16462142765522003,0.0
-0.06391245871782303,0.2128598541021347,-0.01752813160419464,-0.0626847892999649,-0.07271653413772583,0.013253375887870789,0.04747002571821213,-0.23701636493206024,0.017016254365444183,0.006013259291648865,0.1454305648803711,-0.06279097497463226,0.1646624505519867,0.0
-0.06295624375343323,0.2127344310283661,-0.017327934503555298,-0.06252748519182205,-0.07227954268455505,0.013792626559734344,0.04801907390356064,-0.23803216218948364,0.01598239690065384,0.006552338600158691,0.14535211026668549,-0.06283680349588394,0.16488540172576904,0.0
-0.06330455839633942,0.21146821975708008,-0.017917245626449585,-0.06200665980577469,-0.07260170578956604,0.014690056443214417,0.04790554568171501,-0.23658762872219086,0.015847858041524887,0.005624614655971527,0.14484477043151855,-0.06353842467069626,0.16456745564937592,0.0
-0.06250198185443878,0.21309782564640045,-0.017775341868400574,-0.062380239367485046,-0.07227298617362976,0.01361626386642456,0.047301724553108215,-0.23871362209320068,0.015993256121873856,0.005701564252376556,0.14555969834327698,-0.06321786344051361,0.16492481529712677,0.0
-0.06304898858070374,0.2121933251619339,-0.017577707767486572,-0.06242066249251366,-0.07258637249469757,0.013755843043327332,0.047285571694374084,-0.23779098689556122,0.016566775739192963,0.0058600157499313354,0.14491285383701324,-0.06268265098333359,0.164435014128685,0.0
-0.06321194767951965,0.21146976947784424,-0.017804160714149475,-0.06295502930879593,-0.07331879436969757,0.013802170753479004,0.04768654331564903,-0.23719550669193268,0.016441501677036285,0.005180045962333679,0.14511677622795105,-0.06271588057279587,0.16392408311367035,0.0
-0.0621647946536541,0.21307633817195892,-0.018085718154907227,-0.06207897514104843,-0.0725281834602356,0.013015329837799072,0.04746551066637039,-0.23850862681865692,0.015780430287122726,0.006659254431724548,0.14579129219055176,-0.06282662600278854,0.16514885425567627,0.0
-0.06324321031570435,0.21224302053451538,-0.018470540642738342,-0.06210997700691223,-0.07295210659503937,0.014066793024539948,0.047786734998226166,-0.23766830563545227,0.015872124582529068,0.006879836320877075,0.14492563903331757,-0.06313415616750717,0.16500583291053772,0.0
-0.060784682631492615,0.21510130167007446,-0.01723727583885193,-0.06334294378757477,-0.0726630687713623,0.011647790670394897,0.04684055596590042,-0.24073003232479095,0.017626285552978516,0.0074596107006073,0.145706906914711,-0.060730382800102234,0.1646547019481659,0.0
-0.06162866950035095,0.21403947472572327,-0.017832070589065552,-0.0626121237874031,-0.07268427312374115,0.012613251805305481,0.04752246290445328,-0.23919712007045746,0.016753286123275757,0.0070864856243133545,0.14575627446174622,-0.06183303892612457,0.1649954468011856,0.0
-0.06221543997526169,0.21466504037380219,-0.017476558685302734,-0.06286248564720154,-0.07322672009468079,0.011887915432453156,0.04674743115901947,-0.239522323012352,0.016525492072105408,0.006853312253952026,0.14553678035736084,-0.06197445094585419,0.1655692458152771,0.0
-0.06434427946805954,0.21130907535552979,-0.017730534076690674,-0.0624568797647953,-0.07235221564769745,0.016190513968467712,0.04853492230176926,-0.23700115084648132,0.015039622783660889,0.006179898977279663,0.14485059678554535,-0.06458521634340286,0.16502457857131958,0.0
-0.0658462792634964,0.20802317559719086,-0.017931729555130005,-0.06291728466749191,-0.07286739349365234,0.019140392541885376,0.04921700805425644,-0.23480765521526337,0.01434914767742157,0.0044622719287872314,0.14375650882720947,-0.06637318432331085,0.16364474594593048,0.0
-0.06285545229911804,0.2120341658592224,-0.018232524394989014,-0.06245465949177742,-0.07298706471920013,0.014684103429317474,0.047603387385606766,-0.2378656566143036,0.015612494200468063,0.005309350788593292,0.14499838650226593,-0.06349741667509079,0.16451984643936157,0.0
-0.06392380595207214,0.21325168013572693,-0.017660215497016907,-0.06193813681602478,-0.07285529375076294,0.01261870563030243,0.04768366366624832,-0.23890334367752075,0.015994668006896973,0.007094338536262512,0.1457221508026123,-0.0626060739159584,0.16543591022491455,0.0
-0.06517406553030014,0.20958012342453003,-0.017568841576576233,-0.06265769153833389,-0.07298363000154495,0.016531899571418762,0.04901348426938057,-0.23590214550495148,0.015200614929199219,0.00523144006729126,0.14469756186008453,-0.0649280846118927,0.16415473818778992,0.0
-0.06494323164224625,0.20985695719718933,-0.01751422882080078,-0.06266890466213226,-0.07321729511022568,0.015270806849002838,0.04833654314279556,-0.23674693703651428,0.015281453728675842,0.004755958914756775,0.14503461122512817,-0.06410323828458786,0.16396526992321014,0.0
-0.06497371196746826,0.2116135209798813,-0.01721969246864319,-0.06257103383541107,-0.07261770963668823,0.01538105309009552,0.048018477857112885,-0.2370990812778473,0.01516118273139,0.006103135645389557,0.14445815980434418,-0.06380736827850342,0.16500453650951385,0.0
-0.06303484737873077,0.21171121299266815,-0.01816229522228241,-0.06257705390453339,-0.07325412333011627,0.013486489653587341,0.04752659052610397,-0.2373235523700714,0.01640602946281433,0.005190558731555939,0.1450120061635971,-0.06285662949085236,0.1638961136341095,0.0
-0.06441762298345566,0.21072936058044434,-0.01732887327671051,-0.06284056603908539,-0.07273530960083008,0.01436740905046463,0.04830729216337204,-0.2374168485403061,0.01601347327232361,0.005146898329257965,0.14558185636997223,-0.06358200311660767,0.16384100914001465,0.0
-0.06435465812683105,0.21067583560943604,-0.017734453082084656,-0.06318976730108261,-0.07323290407657623,0.015096239745616913,0.04802580922842026,-0.23745274543762207,0.015527334064245224,0.0047634318470954895,0.14478349685668945,-0.06352587044239044,0.16406840085983276,0.0
-0.06364038586616516,0.21090611815452576,-0.01826721429824829,-0.062314774841070175,-0.07315532863140106,0.015042170882225037,0.047913432121276855,-0.23695692420005798,0.015683569014072418,0.005140632390975952,0.14483270049095154,-0.06412933766841888,0.16432397067546844,0.0
-0.06394129246473312,0.21057629585266113,-0.018132135272026062,-0.06254897266626358,-0.07301515340805054,0.0158071368932724,0.047909293323755264,-0.23712089657783508,0.015533078461885452,0.0054718852043151855,0.14443650841712952,-0.06409212946891785,0.16433663666248322,0.0
-0.06430190056562424,0.2105678915977478,-0.0178920179605484,-0.06250032782554626,-0.07259251177310944,0.015984289348125458,0.048505231738090515,-0.23685279488563538,0.014980297535657883,0.005164504051208496,0.14490395784378052,-0.0646638348698616,0.16428326070308685,0.0
-0.06307880580425262,0.2119462937116623,-0.018105611205101013,-0.06322652846574783,-0.07318881154060364,0.014561168849468231,0.047335945069789886,-0.23769418895244598,0.01602879911661148,0.006300583481788635,0.14469067752361298,-0.06314206123352051,0.1641676425933838,0.0
-0.061953458935022354,0.21345333755016327,-0.017804428935050964,-0.0631064921617508,-0.07326190918684006,0.01280268281698227,0.04760260879993439,-0.23974168300628662,0.01642085611820221,0.005576573312282562,0.14563143253326416,-0.06230190396308899,0.1642962247133255,0.0
-0.06405496597290039,0.21179258823394775,-0.017483726143836975,-0.0630168616771698,-0.07344137132167816,0.013907581567764282,0.047356978058815,-0.23808354139328003,0.01638536900281906,0.005422234535217285,0.14559674263000488,-0.06348057091236115,0.1645897477865219,0.0
-0.06299889832735062,0.21216943860054016,-0.01793353259563446,-0.0624847486615181,-0.07344710826873779,0.012998610734939575,0.047213420271873474,-0.2381775975227356,0.0164109468460083,0.005495131015777588,0.14520223438739777,-0.06247740983963013,0.164445698261261,0.0
-0.06345554441213608,0.21152862906455994,-0.017625883221626282,-0.06317329406738281,-0.07330243289470673,0.013610035181045532,0.047717563807964325,-0.23759451508522034,0.016258947551250458,0.005022808909416199,0.14509281516075134,-0.06250476837158203,0.16406865417957306,0.0
-0.06332005560398102,0.21261177957057953,-0.018092185258865356,-0.06280231475830078,-0.07322075217962265,0.01309862732887268,0.047358110547065735,-0.23872804641723633,0.016083955764770508,0.006175145506858826,0.14559493958950043,-0.06236964464187622,0.16465868055820465,0.0
-0.0640057846903801,0.2113070785999298,-0.017959102988243103,-0.06272722780704498,-0.07230731844902039,0.016389518976211548,0.048222966492176056,-0.23719611763954163,0.015068717300891876,0.006322085857391357,0.1443924903869629,-0.0642751008272171,0.1646251231431961,0.0
-0.06377686560153961,0.21162346005439758,-0.017748430371284485,-0.06296417862176895,-0.07316303253173828,0.014622613787651062,0.047845907509326935,-0.23753221333026886,0.01593540981411934,0.006239205598831177,0.1449214071035385,-0.06360501050949097,0.16463863849639893,0.0
-0.06461945176124573,0.21169093251228333,-0.01784519851207733,-0.06319071352481842,-0.07294049859046936,0.01512320339679718,0.04819783195853233,-0.237373948097229,0.015660669654607773,0.006682582199573517,0.14506106078624725,-0.06380411982536316,0.16474241018295288,0.0
-0.06374531984329224,0.21147604286670685,-0.01839807629585266,-0.0620882585644722,-0.07318303734064102,0.01423761248588562,0.047439053654670715,-0.23767641186714172,0.015922024846076965,0.0063039883971214294,0.1446589231491089,-0.06332012265920639,0.16446292400360107,0.0
-0.06323690712451935,0.21165692806243896,-0.018162265419960022,-0.0628318339586258,-0.07323388010263443,0.014471501111984253,0.04757315665483475,-0.23822274804115295,0.016146354377269745,0.005921110510826111,0.1451932042837143,-0.06331567466259003,0.16449286043643951,0.0
-0.06421321630477905,0.21037894487380981,-0.01816883683204651,-0.06292369216680527,-0.07358476519584656,0.01508677750825882,0.0479193851351738,-0.2365875244140625,0.01585177332162857,0.005663022398948669,0.1445544809103012,-0.0636502057313919,0.16401511430740356,0.0
-0.06332725286483765,0.2109343707561493,-0.018206238746643066,-0.062446217983961105,-0.07369247078895569,0.013648554682731628,0.04747068136930466,-0.23804686963558197,0.015390735119581223,0.004714250564575195,0.1449030488729477,-0.06298384070396423,0.16391034424304962,0.0
-0.06439492851495743,0.21081431210041046,-0.01734311878681183,-0.06360620260238647,-0.07298474758863449,0.015972614288330078,0.04777447506785393,-0.2367488145828247,0.01573270559310913,0.005237840116024017,0.1445174217224121,-0.06398836523294449,0.16425955295562744,0.0
-0.06494352966547012,0.21055980026721954,-0.017780795693397522,-0.06276879459619522,-0.07323653995990753,0.015027955174446106,0.04784074425697327,-0.236054927110672,0.015933211892843246,0.005383014678955078,0.1447373777627945,-0.06369728595018387,0.16410502791404724,0.0
-0.06433513015508652,0.21142399311065674,-0.01698945462703705,-0.06348387151956558,-0.07236999273300171,0.015715494751930237,0.047911591827869415,-0.23680371046066284,0.015919946134090424,0.00534549355506897,0.14463046193122864,-0.06353853642940521,0.16438885033130646,0.0
-0.06249627843499184,0.21167370676994324,-0.018258169293403625,-0.06261081993579865,-0.07288219034671783,0.013429932296276093,0.04763560742139816,-0.23858991265296936,0.01578133925795555,0.005367845296859741,0.14572153985500336,-0.06301259994506836,0.16437138617038727,0.0
-0.06427605450153351,0.21086932718753815,-0.017237409949302673,-0.06327114254236221,-0.07256752997636795,0.016109496355056763,0.04798373579978943,-0.23615121841430664,0.01590026170015335,0.004706665873527527,0.1445891261100769,-0.06399190425872803,0.16399337351322174,0.0
-0.06404748558998108,0.21120160818099976,-0.017378315329551697,-0.06235968694090843,-0.0726337656378746,0.015907764434814453,0.04764901101589203,-0.23635363578796387,0.015569213777780533,0.005409955978393555,0.14380769431591034,-0.06412182748317719,0.16444025933742523,0.0
-0.06466186791658401,0.2098686546087265,-0.01808173954486847,-0.0623987540602684,-0.07285088300704956,0.01701781153678894,0.0481102392077446,-0.2357780933380127,0.015038557350635529,0.005577795207500458,0.14382970333099365,-0.0648890808224678,0.1644369512796402,0.0
-0.062447890639305115,0.21207742393016815,-0.019075453281402588,-0.06282965838909149,-0.07352717220783234,0.013695113360881805,0.04750178009271622,-0.23838768899440765,0.016582712531089783,0.006411217153072357,0.14583227038383484,-0.06320229917764664,0.16438467800617218,0.0
-0.06295549869537354,0.21110354363918304,-0.01839376986026764,-0.06334775686264038,-0.07390973716974258,0.014001958072185516,0.04758915305137634,-0.23799052834510803,0.016275592148303986,0.0056321099400520325,0.1451762318611145,-0.06325855851173401,0.16384609043598175,0.0
-0.06411542743444443,0.21133774518966675,-0.017696931958198547,-0.062349457293748856,-0.07333636283874512,0.014531455934047699,0.04726554453372955,-0.2370373010635376,0.016108617186546326,0.00515417754650116,0.14449475705623627,-0.06342296302318573,0.16460414230823517,0.0
-0.06496448814868927,0.2103998363018036,-0.01731531322002411,-0.06288890540599823,-0.07289117574691772,0.015370398759841919,0.04844537377357483,-0.23641875386238098,0.015536386519670486,0.005172692239284515,0.14487919211387634,-0.06398288905620575,0.16415122151374817,0.0
-0.0642235279083252,0.21189887821674347,-0.017403200268745422,-0.062193647027015686,-0.07266561686992645,0.014602161943912506,0.04779275506734848,-0.23744454979896545,0.015731796622276306,0.006156995892524719,0.14507052302360535,-0.06374101340770721,0.16511622071266174,0.0
-0.06452763825654984,0.2108430564403534,-0.01770143210887909,-0.06245321035385132,-0.07294192910194397,0.015394315123558044,0.0473950058221817,-0.23684431612491608,0.015153802931308746,0.0053918734192848206,0.14406688511371613,-0.06371341645717621,0.16476565599441528,0.0
-0.06246323511004448,0.21219871938228607,-0.01868167519569397,-0.06233857944607735,-0.07373875379562378,0.012348197400569916,0.047198936343193054,-0.23899106681346893,0.016327522695064545,0.005749806761741638,0.14568042755126953,-0.06224839389324188,0.16407695412635803,0.0
-0.0651947557926178,0.20918214321136475,-0.01795479655265808,-0.06313200294971466,-0.07344350963830948,0.016778968274593353,0.0482681579887867,-0.23549796640872955,0.015351593494415283,0.004734784364700317,0.14408192038536072,-0.06491457670927048,0.16364632546901703,0.0
-0.06597813963890076,0.20846551656723022,-0.01781018078327179,-0.06273815780878067,-0.07286686450242996,0.019245266914367676,0.04896564781665802,-0.23451444506645203,0.014292430132627487,0.004510939121246338,0.14338871836662292,-0.06638538837432861,0.16402927041053772,0.0
-0.06503594666719437,0.20980550348758698,-0.017996057868003845,-0.0626838356256485,-0.07262186706066132,0.017005205154418945,0.048557691276073456,-0.23591209948062897,0.014779575169086456,0.0053735822439193726,0.14398476481437683,-0.06478528678417206,0.16408134996891022,0.0
-0.06323286890983582,0.21193300187587738,-0.01758711040019989,-0.06346724182367325,-0.07311935722827911,0.013930484652519226,0.04773931950330734,-0.23850451409816742,0.01630130410194397,0.006548792123794556,0.1452278196811676,-0.06289692223072052,0.16444264352321625,0.0
-0.063234344124794,0.21125395596027374,-0.018428698182106018,-0.06270542740821838,-0.07405516505241394,0.014034837484359741,0.047306180000305176,-0.23741325736045837,0.016366660594940186,0.005134940147399902,0.14490817487239838,-0.06342941522598267,0.16415929794311523,0.0
-0.06292705237865448,0.21325509250164032,-0.01789754629135132,-0.06248147413134575,-0.0727429911494255,0.014165595173835754,0.047046199440956116,-0.2389906644821167,0.015818465501070023,0.006653189659118652,0.1447417438030243,-0.06302332878112793,0.16519656777381897,0.0
-0.06477794051170349,0.21056725084781647,-0.017890602350234985,-0.06239993870258331,-0.07343906909227371,0.0142449289560318,0.048170216381549835,-0.23656249046325684,0.015584912151098251,0.005909085273742676,0.14480900764465332,-0.06342315673828125,0.16414836049079895,0.0
-0.06280331313610077,0.21402698755264282,-0.017073675990104675,-0.06448395550251007,-0.07410475611686707,0.010099068284034729,0.04709234833717346,-0.2391597032546997,0.018230050802230835,0.005835980176925659,0.14699211716651917,-0.06072515249252319,0.1640138179063797,0.0
-0.0634671226143837,0.2115275263786316,-0.018381640315055847,-0.06285091489553452,-0.07288819551467896,0.015024319291114807,0.0478912889957428,-0.23772309720516205,0.015667535364627838,0.006137475371360779,0.14499711990356445,-0.06414172053337097,0.1641792505979538,0.0
-0.06382176280021667,0.21204540133476257,-0.017888054251670837,-0.06263765692710876,-0.073216512799263,0.0133596733212471,0.047692254185676575,-0.23695382475852966,0.016366906464099884,0.005536302924156189,0.14542120695114136,-0.06284140050411224,0.1642998903989792,0.0
-0.06466283649206161,0.2108653485774994,-0.01819576323032379,-0.06263366341590881,-0.0734076201915741,0.015405282378196716,0.04777022451162338,-0.23632489144802094,0.015522051602602005,0.005889132618904114,0.14436033368110657,-0.06428243219852448,0.16440290212631226,0.0
-0.06066692993044853,0.21395191550254822,-0.019057750701904297,-0.06293679028749466,-0.07372325658798218,0.010951407253742218,0.046527519822120667,-0.2410624772310257,0.017361514270305634,0.006022214889526367,0.1465739905834198,-0.06141906976699829,0.16430078446865082,0.0
-0.0656464695930481,0.20936740934848785,-0.01782985031604767,-0.06297238171100616,-0.07297250628471375,0.017313718795776367,0.04881829023361206,-0.23566703498363495,0.014919832348823547,0.005056329071521759,0.14423540234565735,-0.06511823832988739,0.16399523615837097,0.0
-0.06244613602757454,0.21290379762649536,-0.01809467375278473,-0.06261873245239258,-0.07342939078807831,0.010775342583656311,0.047614239156246185,-0.24032318592071533,0.016662761569023132,0.006420016288757324,0.1461019217967987,-0.06094953417778015,0.16433706879615784,0.0
-0.06304694712162018,0.21158047020435333,-0.01863199472427368,-0.06256530433893204,-0.07296483218669891,0.014822810888290405,0.04771464318037033,-0.23832429945468903,0.015572238713502884,0.006207644939422607,0.14504161477088928,-0.06359421461820602,0.1645377278327942,0.0
-0.062336940318346024,0.21368341147899628,-0.01773916184902191,-0.062426742166280746,-0.07282079756259918,0.012643083930015564,0.04675842076539993,-0.2389669567346573,0.016626186668872833,0.0067085325717926025,0.14521336555480957,-0.06216590106487274,0.16494423151016235,0.0
-0.062482964247465134,0.21201390027999878,-0.018306121230125427,-0.06316688656806946,-0.07378055155277252,0.012833625078201294,0.047148898243904114,-0.23800037801265717,0.016857847571372986,0.005189910531044006,0.14515379071235657,-0.0622154176235199,0.1635805368423462,0.0
-0.06399473547935486,0.21147887408733368,-0.017571374773979187,-0.06333725899457932,-0.07288838177919388,0.014454811811447144,0.0477040559053421,-0.2372972071170807,0.016262002289295197,0.005532994866371155,0.14510127902030945,-0.06332195550203323,0.16409599781036377,0.0
-0.06317545473575592,0.2121380716562271,-0.017972424626350403,-0.06315574795007706,-0.07306396216154099,0.013943441212177277,0.047904789447784424,-0.23852115869522095,0.016333207488059998,0.005762375891208649,0.14565327763557434,-0.06300626695156097,0.16424594819545746,0.0
-0.06212456151843071,0.21276624500751495,-0.01719982922077179,-0.0636889785528183,-0.07308436185121536,0.01247107982635498,0.04767250269651413,-0.23864857852458954,0.017329171299934387,0.0055038779973983765,0.1458367556333542,-0.06188785284757614,0.16360945999622345,0.0
-0.06401074677705765,0.21065764129161835,-0.01807720959186554,-0.06246815621852875,-0.07277658581733704,0.015736058354377747,0.04788843169808388,-0.23648256063461304,0.015172932296991348,0.005185328423976898,0.14434033632278442,-0.06413982808589935,0.1642734259366989,0.0
-0.06408587843179703,0.2116650640964508,-0.01737673580646515,-0.06244293600320816,-0.0725574642419815,0.014915592968463898,0.04773259907960892,-0.2366015762090683,0.015804346650838852,0.005778610706329346,0.14449560642242432,-0.06334761530160904,0.16471044719219208,0.0
-0.06430739164352417,0.21028175950050354,-0.017866671085357666,-0.06285077333450317,-0.07270008325576782,0.016785025596618652,0.04832188040018082,-0.23595336079597473,0.015180841088294983,0.005807980895042419,0.14414019882678986,-0.06469375640153885,0.16437286138534546,0.0
-0.06376644968986511,0.21089963614940643,-0.017560184001922607,-0.06240668147802353,-0.07265687733888626,0.015059545636177063,0.047998279333114624,-0.23694711923599243,0.01544322818517685,0.005180947482585907,0.14468780159950256,-0.06366799026727676,0.16432996094226837,0.0
-0.0630013719201088,0.21228164434432983,-0.018810227513313293,-0.062348831444978714,-0.07297684252262115,0.013823926448822021,0.04728670418262482,-0.23789921402931213,0.016073457896709442,0.006003260612487793,0.1451806128025055,-0.06298306584358215,0.16462703049182892,0.0
-0.06307432055473328,0.21227502822875977,-0.01759384572505951,-0.06337788701057434,-0.07311937212944031,0.013175085186958313,0.04759333282709122,-0.23901809751987457,0.016505777835845947,0.005773715674877167,0.14562121033668518,-0.06252633780241013,0.16420912742614746,0.0
-0.06385362893342972,0.21222388744354248,-0.017313003540039062,-0.06401599943637848,-0.07358548045158386,0.013722896575927734,0.04745110869407654,-0.2378249615430832,0.01732654869556427,0.005314648151397705,0.14551205933094025,-0.06287150084972382,0.16412405669689178,0.0
-0.06437300145626068,0.21078455448150635,-0.017633572220802307,-0.06273078918457031,-0.0729987770318985,0.01477891206741333,0.04824298620223999,-0.23665004968643188,0.015932898968458176,0.005533367395401001,0.1446373164653778,-0.0635560005903244,0.1641329526901245,0.0
-0.06435155123472214,0.20999425649642944,-0.01818665862083435,-0.06264498829841614,-0.07287752628326416,0.015958555042743683,0.04861164093017578,-0.2364732325077057,0.01534530520439148,0.0052568987011909485,0.14510202407836914,-0.06498732417821884,0.1642119288444519,0.0
-0.06283287703990936,0.21237841248512268,-0.01788446307182312,-0.06228093057870865,-0.07336829602718353,0.013582676649093628,0.04751911014318466,-0.23847538232803345,0.01624292880296707,0.006469041109085083,0.14459571242332458,-0.06266176700592041,0.16487087309360504,0.0
-0.06396777927875519,0.21079234778881073,-0.018197551369667053,-0.062406253069639206,-0.07247939705848694,0.016012758016586304,0.04789698123931885,-0.23687385022640228,0.015273064374923706,0.005954563617706299,0.1445530652999878,-0.0643220916390419,0.16470074653625488,0.0
-0.06045563891530037,0.21514543890953064,-0.01692311465740204,-0.06309296190738678,-0.07313382625579834,0.010042831301689148,0.046729303896427155,-0.2414100468158722,0.01747177541255951,0.006181865930557251,0.14612862467765808,-0.05994690954685211,0.16465792059898376,0.0
-0.06383717805147171,0.21239778399467468,-0.01745001971721649,-0.06240052729845047,-0.07263749092817307,0.013850174844264984,0.04761899262666702,-0.23759303987026215,0.015948381274938583,0.006344348192214966,0.14483463764190674,-0.06270703673362732,0.16486524045467377,0.0
-0.06409862637519836,0.21050554513931274,-0.017568469047546387,-0.06333344429731369,-0.07290738821029663,0.014837682247161865,0.048117347061634064,-0.23698605597019196,0.016449935734272003,0.004960596561431885,0.1452372968196869,-0.06364434212446213,0.16371169686317444,0.0
-0.06477159261703491,0.21118733286857605,-0.01758939027786255,-0.06334750354290009,-0.07286703586578369,0.015277750790119171,0.04845553636550903,-0.23706550896167755,0.015321437269449234,0.005113542079925537,0.14541594684123993,-0.06396107375621796,0.16422605514526367,0.0
-0.06418102979660034,0.21031969785690308,-0.017979159951210022,-0.06276088207960129,-0.07304492592811584,0.016040802001953125,0.04816964268684387,-0.23617595434188843,0.015880562365055084,0.005449332296848297,0.14451801776885986,-0.06445175409317017,0.16423867642879486,0.0
-0.06385743618011475,0.21105432510375977,-0.017822161316871643,-0.06280937045812607,-0.07315222173929214,0.014868035912513733,0.048049986362457275,-0.2370232790708542,0.015800535678863525,0.005248799920082092,0.14504316449165344,-0.06361310929059982,0.16418348252773285,0.0
-0.06346890330314636,0.210762619972229,-0.018521994352340698,-0.06418021768331528,-0.07401005923748016,0.01557709276676178,0.047888435423374176,-0.23736777901649475,0.016294419765472412,0.00549788773059845,0.14515924453735352,-0.06394971907138824,0.163625106215477,0.0
-0.06335076689720154,0.21292361617088318,-0.017277777194976807,-0.06231670826673508,-0.07281267642974854,0.012982338666915894,0.04717361927032471,-0.23747611045837402,0.016386806964874268,0.006037101149559021,0.14481079578399658,-0.062354348599910736,0.1645491123199463,0.0
-0.06397810578346252,0.20991668105125427,-0.01819603145122528,-0.06301451474428177,-0.07295644283294678,0.016510918736457825,0.04818278178572655,-0.23635061085224152,0.015752583742141724,0.005426809191703796,0.14436662197113037,-0.06444822251796722,0.16383513808250427,0.0
-0.06313413381576538,0.2112189680337906,-0.018183991312980652,-0.06272390484809875,-0.07330328226089478,0.014370143413543701,0.04767761379480362,-0.23717190325260162,0.01590915024280548,0.005260966718196869,0.1448974907398224,-0.06339109688997269,0.1638970971107483,0.0
-0.062068816274404526,0.2136950045824051,-0.017946869134902954,-0.06338533759117126,-0.07308433949947357,0.012176468968391418,0.04728242754936218,-0.2393273562192917,0.017573624849319458,0.005924314260482788,0.14602042734622955,-0.06114654242992401,0.16396452486515045,0.0
-0.06452181935310364,0.21078899502754211,-0.01746360957622528,-0.06279974430799484,-0.07254760712385178,0.01630321890115738,0.04818565025925636,-0.23658937215805054,0.015135955065488815,0.005558863282203674,0.14430370926856995,-0.06446034461259842,0.16461041569709778,0.0
-0.06357227265834808,0.2119809091091156,-0.01800474524497986,-0.06210799142718315,-0.07315951585769653,0.013512268662452698,0.047209739685058594,-0.23701666295528412,0.016384214162826538,0.005787424743175507,0.14488434791564941,-0.06308476626873016,0.1643819361925125,0.0
-0.062236983329057693,0.21319057047367096,-0.017800942063331604,-0.06310436874628067,-0.07233171164989471,0.013007059693336487,0.047563083469867706,-0.23908565938472748,0.01656956970691681,0.006363272666931152,0.14582447707653046,-0.06237472593784332,0.1644449383020401,0.0
-0.06356079131364822,0.21289294958114624,-0.017496854066848755,-0.06298622488975525,-0.07304675132036209,0.012230493128299713,0.04782579839229584,-0.238882914185524,0.01640932261943817,0.005899950861930847,0.14645728468894958,-0.06241452693939209,0.16485324501991272,0.0
-0.0642850399017334,0.2112635225057602,-0.01761510968208313,-0.06262833625078201,-0.07331082224845886,0.01422160118818283,0.04809737950563431,-0.23792724311351776,0.01585421711206436,0.005441300570964813,0.14538687467575073,-0.06360159814357758,0.1646711826324463,0.0
-0.06449048966169357,0.21036922931671143,-0.017634287476539612,-0.06268114596605301,-0.0728638619184494,0.016606055200099945,0.04817334562540054,-0.23559865355491638,0.015298247337341309,0.005311034619808197,0.1438819319009781,-0.06472240388393402,0.16438961029052734,0.0
-0.06519977748394012,0.2101917713880539,-0.01721450686454773,-0.06339694559574127,-0.07274402678012848,0.016328483819961548,0.04877275228500366,-0.23626485466957092,0.01564713940024376,0.004968777298927307,0.1450222134590149,-0.06450287252664566,0.16397030651569366,0.0
-0.0629420354962349,0.21230070292949677,-0.017286047339439392,-0.06412952393293381,-0.07340938597917557,0.012360617518424988,0.04731977730989456,-0.2380189597606659,0.01718580722808838,0.00512029230594635,0.14571604132652283,-0.06198184937238693,0.1635458916425705,0.0
-0.06458254158496857,0.21021348237991333,-0.017893821001052856,-0.06243204325437546,-0.0734609067440033,0.015117399394512177,0.04800865054130554,-0.23636145889759064,0.01563103124499321,0.0054050832986831665,0.1443740725517273,-0.06409968435764313,0.16415202617645264,0.0
-0.06424111127853394,0.21092160046100616,-0.018421009182929993,-0.06301191449165344,-0.07336147129535675,0.015054963529109955,0.04769426956772804,-0.23691606521606445,0.015350669622421265,0.0058884769678115845,0.14449499547481537,-0.0637085810303688,0.1641918122768402,0.0
-0.0626351535320282,0.21242959797382355,-0.017930909991264343,-0.06255430728197098,-0.07299299538135529,0.013366132974624634,0.04729502648115158,-0.23895317316055298,0.015928983688354492,0.0063331276178359985,0.14495372772216797,-0.06247074156999588,0.16469387710094452,0.0
-0.0634005069732666,0.21195478737354279,-0.01756216585636139,-0.062374893575906754,-0.07257767766714096,0.013240769505500793,0.0477878674864769,-0.23788584768772125,0.01664230227470398,0.005515500903129578,0.14551013708114624,-0.06256501376628876,0.16419221460819244,0.0
-0.0623619444668293,0.21333584189414978,-0.01740594208240509,-0.06369338184595108,-0.07382909953594208,0.011589288711547852,0.047005102038383484,-0.23942723870277405,0.01698996126651764,0.005161002278327942,0.145973801612854,-0.061671048402786255,0.16428957879543304,0.0
-0.0633239820599556,0.21169890463352203,-0.018397346138954163,-0.06284839659929276,-0.07317332923412323,0.014334924519062042,0.047862693667411804,-0.23773370683193207,0.015932299196720123,0.006174728274345398,0.14522552490234375,-0.0634375587105751,0.16446377336978912,0.0
-0.06262676417827606,0.21322894096374512,-0.018006280064582825,-0.06243443116545677,-0.0728500634431839,0.012406617403030396,0.04734419286251068,-0.23854099214076996,0.01643308997154236,0.005959868431091309,0.14601659774780273,-0.06205208599567413,0.16464965045452118,0.0
-0.06386698782444,0.21236690878868103,-0.017414435744285583,-0.06234963610768318,-0.07257484644651413,0.012433156371116638,0.048322148621082306,-0.2384888082742691,0.016186021268367767,0.006309404969215393,0.14601263403892517,-0.062047600746154785,0.16459830105304718,0.0
-0.0647488608956337,0.21092021465301514,-0.016919463872909546,-0.062259286642074585,-0.07291847467422485,0.01452307403087616,0.04811819642782211,-0.23661723732948303,0.015667103230953217,0.00543445348739624,0.14493978023529053,-0.06384923309087753,0.1646118462085724,0.0
-0.0638018399477005,0.21129220724105835,-0.01786459982395172,-0.06209664046764374,-0.07332734018564224,0.013751871883869171,0.04748174548149109,-0.2371099293231964,0.016039729118347168,0.005705989897251129,0.14470510184764862,-0.0630190446972847,0.16440807282924652,0.0
-0.06523275375366211,0.21040675044059753,-0.017682060599327087,-0.0626131147146225,-0.07292736321687698,0.015676423907279968,0.04829276353120804,-0.2359636425971985,0.015456236898899078,0.005267232656478882,0.1443036049604416,-0.06381045281887054,0.16429823637008667,0.0
-0.0636945366859436,0.21200329065322876,-0.01779407262802124,-0.06348803639411926,-0.07297056913375854,0.014214977622032166,0.04742862284183502,-0.23745863139629364,0.01654878258705139,0.006772823631763458,0.14469122886657715,-0.06262991577386856,0.164245143532753,0.0
-0.06448563933372498,0.21126601099967957,-0.017904996871948242,-0.06308241933584213,-0.07262677699327469,0.013743631541728973,0.04847472906112671,-0.23743362724781036,0.015862688422203064,0.005834177136421204,0.14586856961250305,-0.06302069872617722,0.16410142183303833,0.0
-0.06485757231712341,0.2105405628681183,-0.017508864402770996,-0.06304917484521866,-0.07275304198265076,0.015316121280193329,0.04856150597333908,-0.23623627424240112,0.015869535505771637,0.005299657583236694,0.14499160647392273,-0.06389211863279343,0.16393694281578064,0.0
-0.06332604587078094,0.2115478515625,-0.01777559518814087,-0.06350021064281464,-0.07296687364578247,0.01467151939868927,0.04766227304935455,-0.23755165934562683,0.015787865966558456,0.005798034369945526,0.1450202465057373,-0.06301837414503098,0.1640729159116745,0.0
-0.06539739668369293,0.20879006385803223,-0.018292367458343506,-0.06300884485244751,-0.07313662767410278,0.018478326499462128,0.04889465123414993,-0.23491521179676056,0.014783937484025955,0.005270630121231079,0.14387498795986176,-0.06614465266466141,0.1640750765800476,0.0
-0.063615582883358,0.21163293719291687,-0.017682671546936035,-0.06281229853630066,-0.07297894358634949,0.013369262218475342,0.04754666984081268,-0.23744052648544312,0.01660923659801483,0.00557321310043335,0.14499419927597046,-0.06229758262634277,0.16384848952293396,0.0
-0.06559719145298004,0.2097231149673462,-0.016848772764205933,-0.0631091296672821,-0.07239095866680145,0.016993172466754913,0.04916943609714508,-0.23507249355316162,0.015271879732608795,0.004900522530078888,0.14469274878501892,-0.06484119594097137,0.16406717896461487,0.0
-0.06459972262382507,0.2107871174812317,-0.018064185976982117,-0.06258216500282288,-0.07337725162506104,0.013691544532775879,0.04771258682012558,-0.23718583583831787,0.015799690037965775,0.004889227449893951,0.14477774500846863,-0.06271331012248993,0.1638738512992859,0.0
-0.06413650512695312,0.21127665042877197,-0.018482595682144165,-0.06254695355892181,-0.07333651185035706,0.015168935060501099,0.047716591507196426,-0.23672746121883392,0.01533258706331253,0.005858629941940308,0.14475800096988678,-0.0640682727098465,0.1645697057247162,0.0
-0.06402960419654846,0.21096457540988922,-0.018028482794761658,-0.06234704330563545,-0.0728873461484909,0.01529434323310852,0.047978468239307404,-0.2370365560054779,0.015314195305109024,0.005209624767303467,0.1446954756975174,-0.0639500766992569,0.16442790627479553,0.0
-0.06254623830318451,0.2121710628271103,-0.01804448664188385,-0.06338660418987274,-0.07341571152210236,0.014388173818588257,0.04742971807718277,-0.23796463012695312,0.016553662717342377,0.005690902471542358,0.14573873579502106,-0.06371677666902542,0.16434526443481445,0.0
-0.06489413231611252,0.21018455922603607,-0.01846851408481598,-0.06240348145365715,-0.07324475049972534,0.016032785177230835,0.04796748235821724,-0.23581427335739136,0.01518404483795166,0.005348004400730133,0.14440858364105225,-0.06442280113697052,0.16434617340564728,0.0
-0.06294336915016174,0.2133694291114807,-0.017821505665779114,-0.06307391077280045,-0.07321733236312866,0.011618047952651978,0.04737922549247742,-0.23920978605747223,0.017238304018974304,0.006321236491203308,0.14610108733177185,-0.06151113659143448,0.16437728703022003,0.0
-0.06413104385137558,0.2113666832447052,-0.01763494312763214,-0.06312938034534454,-0.07346226274967194,0.01494886726140976,0.04764541983604431,-0.23694920539855957,0.015919562429189682,0.005839094519615173,0.1447332352399826,-0.06385424733161926,0.164457306265831,0.0
-0.06412623822689056,0.21168360114097595,-0.017472416162490845,-0.06270390748977661,-0.07261846959590912,0.014688454568386078,0.04772021621465683,-0.23670339584350586,0.01593630760908127,0.006356202065944672,0.14475683867931366,-0.06335865706205368,0.16462142765522003,0.0
-0.06391245871782303,0.2128598541021347,-0.01752813160419464,-0.0626847892999649,-0.07271653413772583,0.013253375887870789,0.04747002571821213,-0.23701636493206024,0.017016254365444183,0.006013259291648865,0.1454305648803711,-0.06279097497463226,0.1646624505519867,0.0
-0.06295624375343323,0.2127344310283661,-0.017327934503555298,-0.06252748519182205,-0.07227954268455505,0.013792626559734344,0.04801907390356064,-0.23803216218948364,0.01598239690065384,0.006552338600158691,0.14535211026668549,-0.06283680349588394,0.16488540172576904,0.0
-0.06330455839633942,0.21146821975708008,-0.017917245626449585,-0.06200665980577469,-0.07260170578956604,0.014690056443214417,0.04790554568171501,-0.23658762872219086,0.015847858041524887,0.005624614655971527,0.14484477043151855,-0.06353842467069626,0.16456745564937592,0.0
-0.06250198185443878,0.21309782564640045,-0.017775341868400574,-0.062380239367485046,-0.07227298617362976,0.01361626386642456,0.047301724553108215,-0.23871362209320068,0.015993256121873856,0.005701564252376556,0.14555969834327698,-0.06321786344051361,0.16492481529712677,0.0
-0.06304898858070374,0.2121933251619339,-0.017577707767486572,-0.06242066249251366,-0.07258637249469757,0.013755843043327332,0.047285571694374084,-0.23779098689556122,0.016566775739192963,0.0058600157499313354,0.14491285383701324,-0.06268265098333359,0.164435014128685,0.0
-0.06321194767951965,0.21146976947784424,-0.017804160714149475,-0.06295502930879593,-0.07331879436969757,0.013802170753479004,0.04768654331564903,-0.23719550669193268,0.016441501677036285,0.005180045962333679,0.14511677622795105,-0.06271588057279587,0.16392408311367035,0.0
-0.0621647946536541,0.21307633817195892,-0.018085718154907227,-0.06207897514104843,-0.0725281834602356,0.013015329837799072,0.04746551066637039,-0.23850862681865692,0.015780430287122726,0.006659254431724548,0.14579129219055176,-0.06282662600278854,0.16514885425567627,0.0
-0.060784682631492615,0.21510130167007446,-0.01723727583885193,-0.06334294378757477,-0.0726630687713623,0.011647790670394897,0.04684055596590042,-0.24073003232479095,0.017626285552978516,0.0074596107006073,0.145706906914711,-0.060730382800102234,0.1646547019481659,0.0
-0.06162866950035095,0.21403947472572327,-0.017832070589065552,-0.0626121237874031,-0.07268427312374115,0.012613251805305481,0.04752246290445328,-0.23919712007045746,0.016753286123275757,0.0070864856243133545,0.14575627446174622,-0.06183303892612457,0.1649954468011856,0.0
-0.06225873902440071,0.21245194971561432,-0.01854480803012848,-0.06243453174829483,-0.07325311750173569,0.013006903231143951,0.04729972779750824,-0.23898497223854065,0.016154978424310684,0.0057976096868515015,0.1455506980419159,-0.062366850674152374,0.16452938318252563,0.0
-0.06221543997526169,0.21466504037380219,-0.017476558685302734,-0.06286248564720154,-0.07322672009468079,0.011887915432453156,0.04674743115901947,-0.239522323012352,0.016525492072105408,0.006853312253952026,0.14553678035736084,-0.06197445094585419,0.1655692458152771,0.0
-0.06434427946805954,0.21130907535552979,-0.017730534076690674,-0.0624568797647953,-0.07235221564769745,0.016190513968467712,0.04853492230176926,-0.23700115084648132,0.015039622783660889,0.006179898977279663,0.14485059678554535,-0.06458521634340286,0.16502457857131958,0.0
-0.0658462792634964,0.20802317559719086,-0.017931729555130005,-0.06291728466749191,-0.07286739349365234,0.019140392541885376,0.04921700805425644,-0.23480765521526337,0.01434914767742157,0.0044622719287872314,0.14375650882720947,-0.06637318432331085,0.16364474594593048,0.0
-0.06285545229911804,0.2120341658592224,-0.018232524394989014,-0.06245465949177742,-0.07298706471920013,0.014684103429317474,0.047603387385606766,-0.2378656566143036,0.015612494200468063,0.005309350788593292,0.14499838650226593,-0.06349741667509079,0.16451984643936157,0.0
-0.06392380595207214,0.21325168013572693,-0.017660215497016907,-0.06193813681602478,-0.07285529375076294,0.01261870563030243,0.04768366366624832,-0.23890334367752075,0.015994668006896973,0.007094338536262512,0.1457221508026123,-0.0626060739159584,0.16543591022491455,0.0
-0.06517406553030014,0.20958012342453003,-0.017568841576576233,-0.06265769153833389,-0.07298363000154495,0.016531899571418762,0.04901348426938057,-0.23590214550495148,0.015200614929199219,0.00523144006729126,0.14469756186008453,-0.0649280846118927,0.16415473818778992,0.0
-0.06494323164224625,0.20985695719718933,-0.01751422882080078,-0.06266890466213226,-0.07321729511022568,0.015270806849002838,0.04833654314279556,-0.23674693703651428,0.015281453728675842,0.004755958914756775,0.14503461122512817,-0.06410323828458786,0.16396526992321014,0.0
-0.06497371196746826,0.2116135209798813,-0.01721969246864319,-0.06257103383541107,-0.07261770963668823,0.01538105309009552,0.048018477857112885,-0.2370990812778473,0.01516118273139,0.006103135645389557,0.14445815980434418,-0.06380736827850342,0.16500453650951385,0.0
-0.06441762298345566,0.21072936058044434,-0.01732887327671051,-0.06284056603908539,-0.07273530960083008,0.01436740905046463,0.04830729216337204,-0.2374168485403061,0.01601347327232361,0.005146898329257965,0.14558185636997223,-0.06358200311660767,0.16384100914001465,0.0
-0.06435465812683105,0.21067583560943604,-0.017734453082084656,-0.06318976730108261,-0.07323290407657623,0.015096239745616913,0.04802580922842026,-0.23745274543762207,0.015527334064245224,0.0047634318470954895,0.14478349685668945,-0.06352587044239044,0.16406840085983276,0.0
-0.06235039606690407,0.21321460604667664,-0.017646893858909607,-0.0629083514213562,-0.07274185121059418,0.012948751449584961,0.04720713198184967,-0.2385692149400711,0.01661624014377594,0.006029605865478516,0.14529746770858765,-0.061820752918720245,0.16448256373405457,0.0
-0.06364038586616516,0.21090611815452576,-0.01826721429824829,-0.062314774841070175,-0.07315532863140106,0.015042170882225037,0.047913432121276855,-0.23695692420005798,0.015683569014072418,0.005140632390975952,0.14483270049095154,-0.06412933766841888,0.16432397067546844,0.0
-0.06394129246473312,0.21057629585266113,-0.018132135272026062,-0.06254897266626358,-0.07301515340805054,0.0158071368932724,0.047909293323755264,-0.23712089657783508,0.015533078461885452,0.0054718852043151855,0.14443650841712952,-0.06409212946891785,0.16433663666248322,0.0
-0.06430190056562424,0.2105678915977478,-0.0178920179605484,-0.06250032782554626,-0.07259251177310944,0.015984289348125458,0.048505231738090515,-0.23685279488563538,0.014980297535657883,0.005164504051208496,0.14490395784378052,-0.0646638348698616,0.16428326070308685,0.0
-0.06307880580425262,0.2119462937116623,-0.018105611205101013,-0.06322652846574783,-0.07318881154060364,0.014561168849468231,0.047335945069789886,-0.23769418895244598,0.01602879911661148,0.006300583481788635,0.14469067752361298,-0.06314206123352051,0.1641676425933838,0.0
-0.061953458935022354,0.21345333755016327,-0.017804428935050964,-0.0631064921617508,-0.07326190918684006,0.01280268281698227,0.04760260879993439,-0.23974168300628662,0.01642085611820221,0.005576573312282562,0.14563143253326416,-0.06230190396308899,0.1642962247133255,0.0
-0.06405496597290039,0.21179258823394775,-0.017483726143836975,-0.0630168616771698,-0.07344137132167816,0.013907581567764282,0.047356978058815,-0.23808354139328003,0.01638536900281906,0.005422234535217285,0.14559674263000488,-0.06348057091236115,0.1645897477865219,0.0
-0.06299889832735062,0.21216943860054016,-0.01793353259563446,-0.0624847486615181,-0.07344710826873779,0.012998610734939575,0.047213420271873474,-0.2381775975227356,0.0164109468460083,0.005495131015777588,0.14520223438739777,-0.06247740983963013,0.164445698261261,0.0
-0.06345554441213608,0.21152862906455994,-0.017625883221626282,-0.06317329406738281,-0.07330243289470673,0.013610035181045532,0.047717563807964325,-0.23759451508522034,0.016258947551250458,0.005022808909416199,0.14509281516075134,-0.06250476837158203,0.16406865417957306,0.0
-0.06377686560153961,0.21162346005439758,-0.017748430371284485,-0.06296417862176895,-0.07316303253173828,0.014622613787651062,0.047845907509326935,-0.23753221333026886,0.01593540981411934,0.006239205598831177,0.1449214071035385,-0.06360501050949097,0.16463863849639893,0.0
-0.06461945176124573,0.21169093251228333,-0.01784519851207733,-0.06319071352481842,-0.07294049859046936,0.01512320339679718,0.04819783195853233,-0.237373948097229,0.015660669654607773,0.006682582199573517,0.14506106078624725,-0.06380411982536316,0.16474241018295288,0.0
-0.06327013671398163,0.21181833744049072,-0.017704710364341736,-0.062082745134830475,-0.07305288314819336,0.015090450644493103,0.047377556562423706,-0.23701083660125732,0.015406042337417603,0.00608496367931366,0.14396348595619202,-0.0634976476430893,0.1649145483970642,0.0
-0.06374531984329224,0.21147604286670685,-0.01839807629585266,-0.0620882585644722,-0.07318303734064102,0.01423761248588562,0.047439053654670715,-0.23767641186714172,0.015922024846076965,0.0063039883971214294,0.1446589231491089,-0.06332012265920639,0.16446292400360107,0.0
-0.06323690712451935,0.21165692806243896,-0.018162265419960022,-0.0628318339586258,-0.07323388010263443,0.014471501111984253,0.04757315665483475,-0.23822274804115295,0.016146354377269745,0.005921110510826111,0.1451932042837143,-0.06331567466259003,0.16449286043643951,0.0
-0.06421321630477905,0.21037894487380981,-0.01816883683204651,-0.06292369216680527,-0.07358476519584656,0.01508677750825882,0.0479193851351738,-0.2365875244140625,0.01585177332162857,0.005663022398948669,0.1445544809103012,-0.0636502057313919,0.16401511430740356,0.0
-0.06332725286483765,0.2109343707561493,-0.018206238746643066,-0.062446217983961105,-0.07369247078895569,0.013648554682731628,0.04747068136930466,-0.23804686963558197,0.015390735119581223,0.004714250564575195,0.1449030488729477,-0.06298384070396423,0.16391034424304962,0.0
-0.06439492851495743,0.21081431210041046,-0.01734311878681183,-0.06360620260238647,-0.07298474758863449,0.015972614288330078,0.04777447506785393,-0.2367488145828247,0.01573270559310913,0.005237840116024017,0.1445174217224121,-0.06398836523294449,0.16425955295562744,0.0
-0.06494352966547012,0.21055980026721954,-0.017780795693397522,-0.06276879459619522,-0.07323653995990753,0.015027955174446106,0.04784074425697327,-0.236054927110672,0.015933211892843246,0.005383014678955078,0.1447373777627945,-0.06369728595018387,0.16410502791404724,0.0
-0.06433513015508652,0.21142399311065674,-0.01698945462703705,-0.06348387151956558,-0.07236999273300171,0.015715494751930237,0.047911591827869415,-0.23680371046066284,0.015919946134090424,0.00534549355506897,0.14463046193122864,-0.06353853642940521,0.16438885033130646,0.0
-0.06249627843499184,0.21167370676994324,-0.018258169293403625,-0.06261081993579865,-0.07288219034671783,0.013429932296276093,0.04763560742139816,-0.23858991265296936,0.01578133925795555,0.005367845296859741,0.14572153985500336,-0.06301259994506836,0.16437138617038727,0.0
-0.06404748558998108,0.21120160818099976,-0.017378315329551697,-0.06235968694090843,-0.0726337656378746,0.015907764434814453,0.04764901101589203,-0.23635363578796387,0.015569213777780533,0.005409955978393555,0.14380769431591034,-0.06412182748317719,0.16444025933742523,0.0
-0.06466186791658401,0.2098686546087265,-0.01808173954486847,-0.0623987540602684,-0.07285088300704956,0.01701781153678894,0.0481102392077446,-0.2357780933380127,0.015038557350635529,0.005577795207500458,0.14382970333099365,-0.0648890808224678,0.1644369512796402,0.0
-0.06308096647262573,0.21237634122371674,-0.017199382185935974,-0.06280367821455002,-0.07273347675800323,0.013560183346271515,0.04746053367853165,-0.23809099197387695,0.01638883352279663,0.005780845880508423,0.14529183506965637,-0.06301309913396835,0.1646687388420105,0.0
-0.062447890639305115,0.21207742393016815,-0.019075453281402588,-0.06282965838909149,-0.07352717220783234,0.013695113360881805,0.04750178009271622,-0.23838768899440765,0.016582712531089783,0.006411217153072357,0.14583227038383484,-0.06320229917764664,0.16438467800617218,0.0
-0.06295549869537354,0.21110354363918304,-0.01839376986026764,-0.06334775686264038,-0.07390973716974258,0.014001958072185516,0.04758915305137634,-0.23799052834510803,0.016275592148303986,0.0056321099400520325,0.1451762318611145,-0.06325855851173401,0.16384609043598175,0.0
-0.06411542743444443,0.21133774518966675,-0.017696931958198547,-0.062349457293748856,-0.07333636283874512,0.014531455934047699,0.04726554453372955,-0.2370373010635376,0.016108617186546326,0.00515417754650116,0.14449475705623627,-0.06342296302318573,0.16460414230823517,0.0
-0.06496448814868927,0.2103998363018036,-0.01731531322002411,-0.06288890540599823,-0.07289117574691772,0.015370398759841919,0.04844537377357483,-0.23641875386238098,0.015536386519670486,0.005172692239284515,0.14487919211387634,-0.06398288905620575,0.16415122151374817,0.0
-0.0642235279083252,0.21189887821674347,-0.017403200268745422,-0.062193647027015686,-0.07266561686992645,0.014602161943912506,0.04779275506734848,-0.23744454979896545,0.015731796622276306,0.006156995892524719,0.14507052302360535,-0.06374101340770721,0.16511622071266174,0.0
-0.06452763825654984,0.2108430564403534,-0.01770143210887909,-0.06245321035385132,-0.07294192910194397,0.015394315123558044,0.0473950058221817,-0.23684431612491608,0.015153802931308746,0.0053918734192848206,0.14406688511371613,-0.06371341645717621,0.16476565599441528,0.0
-0.06246323511004448,0.21219871938228607,-0.01868167519569397,-0.06233857944607735,-0.07373875379562378,0.012348197400569916,0.047198936343193054,-0.23899106681346893,0.016327522695064545,0.005749806761741638,0.14568042755126953,-0.06224839389324188,0.16407695412635803,0.0
-0.0651947557926178,0.20918214321136475,-0.01795479655265808,-0.06313200294971466,-0.07344350963830948,0.016778968274593353,0.0482681579887867,-0.23549796640872955,0.015351593494415283,0.004734784364700317,0.14408192038536072,-0.06491457670927048,0.16364632546901703,0.0
-0.06503594666719437,0.20980550348758698,-0.017996057868003845,-0.0626838356256485,-0.07262186706066132,0.017005205154418945,0.048557691276073456,-0.23591209948062897,0.014779575169086456,0.0053735822439193726,0.14398476481437683,-0.06478528678417206,0.16408134996891022,0.0
-0.06323286890983582,0.21193300187587738,-0.01758711040019989,-0.06346724182367325,-0.07311935722827911,0.013930484652519226,0.04773931950330734,-0.23850451409816742,0.01630130410194397,0.006548792123794556,0.1452278196811676,-0.06289692223072052,0.16444264352321625,0.0
-0.0644964724779129,0.2103641778230667,-0.01751391589641571,-0.0625074952840805,-0.07258179038763046,0.016478046774864197,0.04804663732647896,-0.23655247688293457,0.01514197513461113,0.005442500114440918,0.1442011296749115,-0.0645463615655899,0.16462457180023193,0.0
-0.063234344124794,0.21125395596027374,-0.018428698182106018,-0.06270542740821838,-0.07405516505241394,0.014034837484359741,0.047306180000305176,-0.23741325736045837,0.016366660594940186,0.005134940147399902,0.14490817487239838,-0.06342941522598267,0.16415929794311523,0.0
-0.06292705237865448,0.21325509250164032,-0.01789754629135132,-0.06248147413134575,-0.0727429911494255,0.014165595173835754,0.047046199440956116,-0.2389906644821167,0.015818465501070023,0.006653189659118652,0.1447417438030243,-0.06302332878112793,0.16519656777381897,0.0
-0.06477794051170349,0.21056725084781647,-0.017890602350234985,-0.06239993870258331,-0.07343906909227371,0.0142449289560318,0.048170216381549835,-0.23656249046325684,0.015584912151098251,0.005909085273742676,0.14480900764465332,-0.06342315673828125,0.16414836049079895,0.0
-0.06280331313610077,0.21402698755264282,-0.017073675990104675,-0.06448395550251007,-0.07410475611686707,0.010099068284034729,0.04709234833717346,-0.2391597032546997,0.018230050802230835,0.005835980176925659,0.14699211716651917,-0.06072515249252319,0.1640138179063797,0.0
-0.0634671226143837,0.2115275263786316,-0.018381640315055847,-0.06285091489553452,-0.07288819551467896,0.015024319291114807,0.0478912889957428,-0.23772309720516205,0.015667535364627838,0.006137475371360779,0.14499711990356445,-0.06414172053337097,0.1641792505979538,0.0
-0.06382176280021667,0.21204540133476257,-0.017888054251670837,-0.06263765692710876,-0.073216512799263,0.0133596733212471,0.047692254185676575,-0.23695382475852966,0.016366906464099884,0.005536302924156189,0.14542120695114136,-0.06284140050411224,0.1642998903989792,0.0
-0.06466283649206161,0.2108653485774994,-0.01819576323032379,-0.06263366341590881,-0.0734076201915741,0.015405282378196716,0.04777022451162338,-0.23632489144802094,0.015522051602602005,0.005889132618904114,0.14436033368110657,-0.06428243219852448,0.16440290212631226,0.0
-0.06066692993044853,0.21395191550254822,-0.019057750701904297,-0.06293679028749466,-0.07372325658798218,0.010951407253742218,0.046527519822120667,-0.2410624772310257,0.017361514270305634,0.006022214889526367,0.1465739905834198,-0.06141906976699829,0.16430078446865082,0.0
-0.06244613602757454,0.21290379762649536,-0.01809467375278473,-0.06261873245239258,-0.07342939078807831,0.010775342583656311,0.047614239156246185,-0.24032318592071533,0.016662761569023132,0.006420016288757324,0.1461019217967987,-0.06094953417778015,0.16433706879615784,0.0
-0.06304694712162018,0.21158047020435333,-0.01863199472427368,-0.06256530433893204,-0.07296483218669891,0.014822810888290405,0.04771464318037033,-0.23832429945468903,0.015572238713502884,0.006207644939422607,0.14504161477088928,-0.06359421461820602,0.1645377278327942,0.0
-0.061673399060964584,0.2136535346508026,-0.01824183762073517,-0.06271221488714218,-0.07301075756549835,0.01205357164144516,0.047175079584121704,-0.23992189764976501,0.016698896884918213,0.006945207715034485,0.14581486582756042,-0.061500534415245056,0.1646900475025177,0.0
-0.062336940318346024,0.21368341147899628,-0.01773916184902191,-0.062426742166280746,-0.07282079756259918,0.012643083930015564,0.04675842076539993,-0.2389669567346573,0.016626186668872833,0.0067085325717926025,0.14521336555480957,-0.06216590106487274,0.16494423151016235,0.0
-0.062482964247465134,0.21201390027999878,-0.018306121230125427,-0.06316688656806946,-0.07378055155277252,0.012833625078201294,0.047148898243904114,-0.23800037801265717,0.016857847571372986,0.005189910531044006,0.14515379071235657,-0.0622154176235199,0.1635805368423462,0.0
-0.06399473547935486,0.21147887408733368,-0.017571374773979187,-0.06333725899457932,-0.07288838177919388,0.014454811811447144,0.0477040559053421,-0.2372972071170807,0.016262002289295197,0.005532994866371155,0.14510127902030945,-0.06332195550203323,0.16409599781036377,0.0
-0.06317545473575592,0.2121380716562271,-0.017972424626350403,-0.06315574795007706,-0.07306396216154099,0.013943441212177277,0.047904789447784424,-0.23852115869522095,0.016333207488059998,0.005762375891208649,0.14565327763557434,-0.06300626695156097,0.16424594819545746,0.0
-0.06212456151843071,0.21276624500751495,-0.01719982922077179,-0.0636889785528183,-0.07308436185121536,0.01247107982635498,0.04767250269651413,-0.23864857852458954,0.017329171299934387,0.0055038779973983765,0.1458367556333542,-0.06188785284757614,0.16360945999622345,0.0
-0.06401074677705765,0.21065764129161835,-0.01807720959186554,-0.06246815621852875,-0.07277658581733704,0.015736058354377747,0.04788843169808388,-0.23648256063461304,0.015172932296991348,0.005185328423976898,0.14434033632278442,-0.06413982808589935,0.1642734259366989,0.0
-0.06408587843179703,0.2116650640964508,-0.01737673580646515,-0.06244293600320816,-0.0725574642419815,0.014915592968463898,0.04773259907960892,-0.2366015762090683,0.015804346650838852,0.005778610706329346,0.14449560642242432,-0.06334761530160904,0.16471044719219208,0.0
-0.06430739164352417,0.21028175950050354,-0.017866671085357666,-0.06285077333450317,-0.07270008325576782,0.016785025596618652,0.04832188040018082,-0.23595336079597473,0.015180841088294983,0.005807980895042419,0.14414019882678986,-0.06469375640153885,0.16437286138534546,0.0
-0.0630013719201088,0.21228164434432983,-0.018810227513313293,-0.062348831444978714,-0.07297684252262115,0.013823926448822021,0.04728670418262482,-0.23789921402931213,0.016073457896709442,0.006003260612487793,0.1451806128025055,-0.06298306584358215,0.16462703049182892,0.0
-0.06307432055473328,0.21227502822875977,-0.01759384572505951,-0.06337788701057434,-0.07311937212944031,0.013175085186958313,0.04759333282709122,-0.23901809751987457,0.016505777835845947,0.005773715674877167,0.14562121033668518,-0.06252633780241013,0.16420912742614746,0.0
-0.06179508566856384,0.21451881527900696,-0.017220094799995422,-0.06290935724973679,-0.07431600242853165,0.00897042453289032,0.046513304114341736,-0.24042198061943054,0.01754060387611389,0.005571529269218445,0.14666563272476196,-0.060404255986213684,0.16462008655071259,1.0
-0.06444136798381805,0.21157526969909668,-0.01764388382434845,-0.06278993934392929,-0.07234521955251694,0.015597313642501831,0.0475463941693306,-0.2354540228843689,0.016193509101867676,0.00612601637840271,0.1439971923828125,-0.06335604190826416,0.1644342839717865,1.0
-0.06325505673885345,0.2138729691505432,-0.017296209931373596,-0.06263679265975952,-0.07303334027528763,0.011456511914730072,0.04714774340391159,-0.2399953454732895,0.016499899327754974,0.0069047510623931885,0.14586758613586426,-0.06153210997581482,0.1652679294347763,1.0
-0.0628717765212059,0.21352145075798035,-0.016293957829475403,-0.06331518292427063,-0.07341297715902328,0.011824235320091248,0.047039300203323364,-0.23955686390399933,0.016636855900287628,0.005740523338317871,0.1455041915178299,-0.06181539595127106,0.16476716101169586,1.0
-0.05912267789244652,0.21656639873981476,-0.017305687069892883,-0.06292117387056351,-0.07365533709526062,0.007781773805618286,0.045471712946891785,-0.2423315942287445,0.019209682941436768,0.007240138947963715,0.14655724167823792,-0.059169262647628784,0.16439031064510345,1.0
-0.06385903805494308,0.21210598945617676,-0.018185779452323914,-0.0626472532749176,-0.07318401336669922,0.01449631154537201,0.047472767531871796,-0.23793873190879822,0.01529579609632492,0.006429098546504974,0.14525969326496124,-0.06394503265619278,0.16506995260715485,1.0
-0.06059188395738602,0.21429026126861572,-0.018056601285934448,-0.06207741051912308,-0.07365551590919495,0.01133798062801361,0.04636835306882858,-0.24038022756576538,0.01717643439769745,0.006847120821475983,0.14543354511260986,-0.0615515410900116,0.16487738490104675,1.0
-0.06251956522464752,0.21254676580429077,-0.01735319197177887,-0.06284354627132416,-0.07290809601545334,0.013216964900493622,0.04730856418609619,-0.23828084766864777,0.01662508398294449,0.005510605871677399,0.14553937315940857,-0.06288911402225494,0.16434116661548615,1.0
-0.05729378014802933,0.21712255477905273,-0.016737475991249084,-0.06455174088478088,-0.07411786913871765,0.0056288838386535645,0.04484415054321289,-0.24275724589824677,0.019428670406341553,0.005786396563053131,0.14748749136924744,-0.058345727622509,0.1635669320821762,1.0
-0.06203534081578255,0.21266455948352814,-0.017271995544433594,-0.0633239895105362,-0.0737176313996315,0.01208430528640747,0.04667314887046814,-0.23848234117031097,0.01707451045513153,0.005242586135864258,0.14545193314552307,-0.06196948140859604,0.16373029351234436,1.0
-0.06177854910492897,0.21310393512248993,-0.018526509404182434,-0.0626089870929718,-0.07318562269210815,0.01051206886768341,0.04690241813659668,-0.23972022533416748,0.017100542783737183,0.005965277552604675,0.14704765379428864,-0.06169398874044418,0.16395583748817444,1.0
-0.061920978128910065,0.21305572986602783,-0.017779558897018433,-0.06403332948684692,-0.0729810893535614,0.011445775628089905,0.04731203615665436,-0.2401123344898224,0.017065033316612244,0.005421727895736694,0.14774316549301147,-0.06264936923980713,0.1639135181903839,1.0
-0.06051148474216461,0.21720580756664276,-0.016526877880096436,-0.06462229043245316,-0.07294665277004242,0.008333683013916016,0.04795560985803604,-0.24389833211898804,0.01902298629283905,0.007372826337814331,0.15055236220359802,-0.060998693108558655,0.16491135954856873,1.0
-0.062460798770189285,0.2131870537996292,-0.01763203740119934,-0.0630626305937767,-0.07369749248027802,0.01064765453338623,0.04741441458463669,-0.23954220116138458,0.017175450921058655,0.005881026387214661,0.14672382175922394,-0.0612015575170517,0.1639362871646881,1.0
-0.06261744350194931,0.21340890228748322,-0.017750203609466553,-0.06251998245716095,-0.0725482851266861,0.012243218719959259,0.04731170833110809,-0.23835934698581696,0.016910873353481293,0.0069181546568870544,0.14600339531898499,-0.06204777956008911,0.16483226418495178,1.0
-0.05939754098653793,0.21709205210208893,-0.01779128611087799,-0.06320685893297195,-0.07300727069377899,0.008485347032546997,0.04567845165729523,-0.24249358475208282,0.018233835697174072,0.00806194543838501,0.14686578512191772,-0.05970411002635956,0.16509398818016052,1.0
-0.06081543490290642,0.21262694895267487,-0.01917196810245514,-0.06299582123756409,-0.07370029389858246,0.012874357402324677,0.04707031697034836,-0.23919802904129028,0.01671147346496582,0.0060626789927482605,0.14588283002376556,-0.06273914873600006,0.16399213671684265,1.0
-0.06100495904684067,0.2148449867963791,-0.016676992177963257,-0.06322714686393738,-0.07240097224712372,0.013302259147167206,0.04671479016542435,-0.23877650499343872,0.01722833514213562,0.006695210933685303,0.14511534571647644,-0.06239528954029083,0.16483719646930695,1.0
-0.06191088259220123,0.21255266666412354,-0.017984315752983093,-0.06311032176017761,-0.07382932305335999,0.012496128678321838,0.04673192650079727,-0.23831972479820251,0.01737479865550995,0.005754873156547546,0.14562663435935974,-0.06260903179645538,0.16406461596488953,1.0
-0.06377211213111877,0.21206152439117432,-0.01794685423374176,-0.062444623559713364,-0.07258717715740204,0.014036491513252258,0.04782101511955261,-0.23726984858512878,0.016470283269882202,0.006675213575363159,0.14540094137191772,-0.06320425868034363,0.16475921869277954,1.0
-0.06331987679004669,0.21131077408790588,-0.018114954233169556,-0.06337003409862518,-0.07370887696743011,0.01357799768447876,0.04803232103586197,-0.23731648921966553,0.01685219258069992,0.005342371761798859,0.14611171185970306,-0.06327065825462341,0.16379380226135254,1.0
-0.062220629304647446,0.2148115038871765,-0.017384156584739685,-0.06242625415325165,-0.07355085015296936,0.010005101561546326,0.04682900756597519,-0.23986178636550903,0.017482317984104156,0.006727404892444611,0.14615009725093842,-0.060784995555877686,0.1650124490261078,1.0
-0.05773783475160599,0.21638114750385284,-0.01730792224407196,-0.06370419263839722,-0.07444470375776291,0.00691436231136322,0.04489700496196747,-0.24310457706451416,0.01943444460630417,0.004957631230354309,0.1472436636686325,-0.059280335903167725,0.16341738402843475,1.0
-0.06126825138926506,0.21316349506378174,-0.017850562930107117,-0.06271476298570633,-0.07366584986448288,0.011157669126987457,0.04663890600204468,-0.2387789636850357,0.017967335879802704,0.005449764430522919,0.14565934240818024,-0.061369650065898895,0.16400811076164246,1.0
-0.06425073742866516,0.21180742979049683,-0.017534464597702026,-0.06250277161598206,-0.0736069604754448,0.01362387090921402,0.04720408469438553,-0.23686403036117554,0.01631554216146469,0.005692444741725922,0.14454308152198792,-0.06262455135583878,0.16465169191360474,1.0
-0.06025078520178795,0.21417059004306793,-0.017231836915016174,-0.06340280175209045,-0.07383553683757782,0.010358646512031555,0.04640156775712967,-0.24102787673473358,0.0177195742726326,0.0054749175906181335,0.14622244238853455,-0.061074018478393555,0.16419576108455658,1.0
-0.059861134737730026,0.21342898905277252,-0.018523290753364563,-0.0642956793308258,-0.07417032122612,0.009220503270626068,0.04721791297197342,-0.24180075526237488,0.018201284110546112,0.005174770951271057,0.1478700041770935,-0.06040721386671066,0.162667915225029,1.0
-0.06202330067753792,0.2133142352104187,-0.01824180781841278,-0.06228762865066528,-0.0727544054389,0.012180060148239136,0.04744289070367813,-0.23878440260887146,0.01681845635175705,0.006863288581371307,0.14580953121185303,-0.06204783916473389,0.16453929245471954,1.0
-0.06253596395254135,0.21219703555107117,-0.018050625920295715,-0.062408652156591415,-0.07314819097518921,0.0123128741979599,0.04771583527326584,-0.23820236325263977,0.016723215579986572,0.0056316182017326355,0.1453785002231598,-0.061999157071113586,0.16409340500831604,1.0
-0.062045611441135406,0.21205037832260132,-0.01775394380092621,-0.06315584480762482,-0.07370279729366302,0.013475395739078522,0.04732269048690796,-0.23844826221466064,0.01650017499923706,0.004978179931640625,0.1453978419303894,-0.06306149065494537,0.16388365626335144,1.0
-0.061755210161209106,0.21489255130290985,-0.0181037038564682,-0.06302107870578766,-0.07368775457143784,0.011629253625869751,0.04669807851314545,-0.23963727056980133,0.017568863928318024,0.007746964693069458,0.14582347869873047,-0.06203927844762802,0.16515883803367615,1.0
-0.06192822754383087,0.21358640491962433,-0.01743634045124054,-0.06315340101718903,-0.0734117180109024,0.011641867458820343,0.047146961092948914,-0.2392391562461853,0.01664726436138153,0.0056356266140937805,0.1462315171957016,-0.061861008405685425,0.16437159478664398,1.0
-0.061883024871349335,0.21344318985939026,-0.017888739705085754,-0.06277470290660858,-0.07259631156921387,0.013163089752197266,0.04761456698179245,-0.23919542133808136,0.01608831062912941,0.006257437169551849,0.14569170773029327,-0.06240222603082657,0.16495421528816223,1.0
-0.06092493236064911,0.21448521316051483,-0.018409714102745056,-0.06295859813690186,-0.07356763631105423,0.01123577356338501,0.046885423362255096,-0.2399866282939911,0.01738165318965912,0.0072800517082214355,0.1467963457107544,-0.06185613572597504,0.16457095742225647,1.0
-0.06253091990947723,0.21422447264194489,-0.01754803955554962,-0.06269749999046326,-0.07369299232959747,0.009422831237316132,0.047174081206321716,-0.23945438861846924,0.01798386126756668,0.005651012063026428,0.14681854844093323,-0.06079915165901184,0.16440121829509735,1.0
-0.06183784827589989,0.21495230495929718,-0.017548218369483948,-0.06323298066854477,-0.07349221408367157,0.009646564722061157,0.046428099274635315,-0.24023747444152832,0.017592966556549072,0.006976872682571411,0.14708785712718964,-0.06120218336582184,0.16489383578300476,1.0
-0.05906745791435242,0.21685495972633362,-0.017091020941734314,-0.06425550580024719,-0.07302102446556091,0.007585063576698303,0.04658164083957672,-0.24384163320064545,0.01957593858242035,0.006940312683582306,0.1490490436553955,-0.059967175126075745,0.1641274243593216,1.0
-0.062114469707012177,0.21440120041370392,-0.01748393476009369,-0.06285378336906433,-0.07281840592622757,0.01179029792547226,0.04700399935245514,-0.23937857151031494,0.016962096095085144,0.006504647433757782,0.14609800279140472,-0.061605699360370636,0.1647445261478424,1.0
-0.0617184042930603,0.21314984560012817,-0.018285810947418213,-0.06275784969329834,-0.07394525408744812,0.010934919118881226,0.04652995616197586,-0.239593967795372,0.0172744020819664,0.005799099802970886,0.14574192464351654,-0.06097830832004547,0.16428977251052856,1.0
-0.06231466680765152,0.21338321268558502,-0.018572241067886353,-0.06325037032365799,-0.07364071905612946,0.010876789689064026,0.047430455684661865,-0.23944400250911713,0.017069309949874878,0.00664752721786499,0.14623868465423584,-0.06141548603773117,0.16381554305553436,1.0
-0.06253986060619354,0.2126280665397644,-0.017632558941841125,-0.062294960021972656,-0.07302910089492798,0.01157299429178238,0.047861456871032715,-0.23965401947498322,0.01633044332265854,0.006139054894447327,0.14618341624736786,-0.062064215540885925,0.1645480990409851,1.0
-0.06362369656562805,0.21271760761737823,-0.018276646733283997,-0.0627632811665535,-0.0728738009929657,0.012983039021492004,0.047465331852436066,-0.2379547655582428,0.01618664339184761,0.006546482443809509,0.1455095410346985,-0.06233011186122894,0.16483038663864136,1.0
-0.06330931931734085,0.2130277454853058,-0.0173608660697937,-0.0627257376909256,-0.07284311950206757,0.012577727437019348,0.047568097710609436,-0.23744134604930878,0.016859620809555054,0.0055630505084991455,0.1461922824382782,-0.06296147406101227,0.1646098643541336,1.0
-0.06107757240533829,0.21321620047092438,-0.017280980944633484,-0.06322378665208817,-0.07403084635734558,0.010722436010837555,0.047128014266490936,-0.24064180254936218,0.01709228754043579,0.0052429139614105225,0.1463981568813324,-0.06163093447685242,0.16422367095947266,1.0
-0.06026056036353111,0.21474497020244598,-0.017980456352233887,-0.06328130513429642,-0.07375596463680267,0.011059306561946869,0.04598803073167801,-0.24026088416576385,0.0180739164352417,0.005580872297286987,0.14660045504570007,-0.06177808344364166,0.1644870936870575,1.0
-0.06160324066877365,0.2127685546875,-0.018121570348739624,-0.06319031119346619,-0.07281483709812164,0.012844748795032501,0.047633007168769836,-0.23930414021015167,0.01612197607755661,0.005854353308677673,0.1462056040763855,-0.06253555417060852,0.16405314207077026,1.0
-0.060843370854854584,0.2135150283575058,-0.018790483474731445,-0.06229504570364952,-0.07336566597223282,0.010927580296993256,0.046919822692871094,-0.23949383199214935,0.01710207760334015,0.006360217928886414,0.14634624123573303,-0.06163471192121506,0.16446423530578613,1.0
-0.062126077711582184,0.21322698891162872,-0.018606796860694885,-0.06296364963054657,-0.07360216230154037,0.011163398623466492,0.04691603034734726,-0.2392732799053192,0.01755756139755249,0.0065021812915802,0.14605975151062012,-0.06136810779571533,0.16412034630775452,1.0
-0.0634440928697586,0.21245113015174866,-0.01820032298564911,-0.06252509355545044,-0.07307055592536926,0.013315074145793915,0.04740031808614731,-0.2382681965827942,0.01558094471693039,0.006641000509262085,0.14530108869075775,-0.06300801038742065,0.16463203728199005,1.0
-0.061138372868299484,0.21346794068813324,-0.018206849694252014,-0.06351492553949356,-0.07381746172904968,0.011126220226287842,0.04664965718984604,-0.23933252692222595,0.0178157240152359,0.005407258868217468,0.14662781357765198,-0.061490826308727264,0.1636212021112442,1.0
-0.06184348091483116,0.21459026634693146,-0.01801636815071106,-0.06237691640853882,-0.07214409857988358,0.013528943061828613,0.0469454824924469,-0.2395300716161728,0.016274183988571167,0.007571473717689514,0.14580592513084412,-0.06286287307739258,0.1660645753145218,1.0
-0.06215815991163254,0.2132861465215683,-0.018048271536827087,-0.06263083219528198,-0.07356620579957962,0.011133551597595215,0.04737496376037598,-0.23949122428894043,0.017281711101531982,0.006651490926742554,0.14627566933631897,-0.06176129728555679,0.164342001080513,1.0
-0.06161780655384064,0.2132830023765564,-0.018420562148094177,-0.06301244348287582,-0.07420723140239716,0.011416256427764893,0.04642494022846222,-0.2392808347940445,0.017190173268318176,0.0056113749742507935,0.14562556147575378,-0.06140589714050293,0.16427549719810486,1.0
-0.05946824327111244,0.21361678838729858,-0.01767575740814209,-0.06405260413885117,-0.07347770780324936,0.010278008878231049,0.046898677945137024,-0.24028441309928894,0.01877579092979431,0.005374528467655182,0.1467525064945221,-0.06113360822200775,0.16299641132354736,1.0
-0.06367632746696472,0.21069291234016418,-0.0178917795419693,-0.06287889927625656,-0.07319141924381256,0.015776395797729492,0.04806981235742569,-0.23660065233707428,0.015638630837202072,0.0052376389503479,0.1448649913072586,-0.06460483372211456,0.16429433226585388,1.0
-0.06259366124868393,0.2133898138999939,-0.01731407642364502,-0.06309834122657776,-0.07264582812786102,0.01245221495628357,0.047875866293907166,-0.23912613093852997,0.016861483454704285,0.006223715841770172,0.14641237258911133,-0.06259530782699585,0.16448721289634705,1.0
-0.06114642694592476,0.21441873908042908,-0.017670080065727234,-0.06309306621551514,-0.07294342666864395,0.01024182140827179,0.047363124787807465,-0.2404799908399582,0.01742863655090332,0.006789177656173706,0.14732816815376282,-0.061103515326976776,0.16447880864143372,1.0
-0.0641832947731018,0.21076734364032745,-0.01770786941051483,-0.06346709281206131,-0.07359220087528229,0.01429862529039383,0.04821710288524628,-0.23647964000701904,0.0167987123131752,0.004704073071479797,0.145220547914505,-0.06325118988752365,0.1632804274559021,1.0
-0.061880841851234436,0.2132818102836609,-0.017830640077590942,-0.06277193874120712,-0.07289700210094452,0.010886788368225098,0.04726050794124603,-0.240022674202919,0.016848966479301453,0.005725935101509094,0.14615830779075623,-0.060898005962371826,0.16404226422309875,1.0
-0.06119724363088608,0.2152308076620102,-0.017719849944114685,-0.06259799748659134,-0.07317371666431427,0.00825779139995575,0.046410247683525085,-0.24117980897426605,0.017375990748405457,0.007023528218269348,0.14644840359687805,-0.059465788304805756,0.16419538855552673,1.0
-0.0608816035091877,0.2152128666639328,-0.018157944083213806,-0.062492214143276215,-0.0736306831240654,0.00813140720129013,0.046710044145584106,-0.2412593960762024,0.017968028783798218,0.00616668164730072,0.14723634719848633,-0.05946718156337738,0.16440290212631226,1.0
-0.06263148039579391,0.21342967450618744,-0.01753513514995575,-0.06195145100355148,-0.07304167747497559,0.010639220476150513,0.04756895452737808,-0.24035894870758057,0.016267798840999603,0.005695223808288574,0.14669203758239746,-0.061553873121738434,0.1646973192691803,1.0
-0.06266894191503525,0.2130885273218155,-0.017497152090072632,-0.0630912035703659,-0.0734303891658783,0.011405080556869507,0.04737843573093414,-0.23920896649360657,0.017027050256729126,0.005908459424972534,0.14657661318778992,-0.062145233154296875,0.16461019217967987,1.0
-0.06162071228027344,0.2135237455368042,-0.017753392457962036,-0.06374138593673706,-0.07344590872526169,0.011636227369308472,0.046818241477012634,-0.24014218151569366,0.016836009919643402,0.00505414605140686,0.14584599435329437,-0.06130652129650116,0.16395965218544006,1.0
-0.06249462440609932,0.21249555051326752,-0.017684921622276306,-0.06371833384037018,-0.07255952060222626,0.013815909624099731,0.048192333430051804,-0.23871611058712006,0.01672656089067459,0.006382182240486145,0.14602982997894287,-0.06274549663066864,0.16399645805358887,1.0
-0.06074156239628792,0.21710819005966187,-0.017019018530845642,-0.06274756044149399,-0.07329250872135162,0.008208788931369781,0.04630928486585617,-0.24259598553180695,0.01715235412120819,0.00868680328130722,0.14690890908241272,-0.05976283550262451,0.16599524021148682,1.0
-0.061593785881996155,0.21263043582439423,-0.017133131623268127,-0.06440556794404984,-0.07404100894927979,0.012958824634552002,0.04665881395339966,-0.23896710574626923,0.01784321665763855,0.004836641252040863,0.1461556851863861,-0.06320700794458389,0.16364829242229462,1.0
-0.0614607036113739,0.21372950077056885,-0.017714262008666992,-0.06194165721535683,-0.07282961905002594,0.011406287550926208,0.046975404024124146,-0.23923206329345703,0.017180845141410828,0.00634688138961792,0.14604094624519348,-0.0616735965013504,0.16468071937561035,1.0
-0.061339378356933594,0.2147696614265442,-0.018499240279197693,-0.06225007027387619,-0.07283760607242584,0.009119972586631775,0.04799443110823631,-0.2414722591638565,0.017334938049316406,0.007207527756690979,0.1484670341014862,-0.061207957565784454,0.16437707841396332,1.0
-0.06357284635305405,0.21178583800792694,-0.017694175243377686,-0.06269912421703339,-0.07302805781364441,0.014474749565124512,0.047715235501527786,-0.23671682178974152,0.016131669282913208,0.005737975239753723,0.14516130089759827,-0.06366385519504547,0.16457226872444153,1.0
-0.059075355529785156,0.21546775102615356,-0.01887539029121399,-0.06371249258518219,-0.07429526746273041,0.008447706699371338,0.04569332301616669,-0.2434796690940857,0.018223315477371216,0.006877586245536804,0.14712534844875336,-0.05968388915061951,0.16386675834655762,1.0
-0.06300895661115646,0.21359655261039734,-0.01801939308643341,-0.06265230476856232,-0.07268814742565155,0.012727692723274231,0.0471373125910759,-0.2392663061618805,0.016208581626415253,0.006615795195102692,0.1457788497209549,-0.062469810247421265,0.16504056751728058,1.0
-0.06150440499186516,0.21501293778419495,-0.017071396112442017,-0.06243711709976196,-0.07331863045692444,0.01129264384508133,0.04678262025117874,-0.23996102809906006,0.01687885820865631,0.006586626172065735,0.14547237753868103,-0.06105538457632065,0.1653633862733841,1.0
-0.06237611547112465,0.2134038507938385,-0.018030241131782532,-0.06343597173690796,-0.07376890629529953,0.011519268155097961,0.0471152663230896,-0.2394608110189438,0.016863912343978882,0.006077811121940613,0.1459931880235672,-0.06157689541578293,0.16408862173557281,1.0
-0.06148925796151161,0.21491819620132446,-0.016752853989601135,-0.06295642256736755,-0.07271765172481537,0.00975865125656128,0.046922288835048676,-0.24000859260559082,0.018078133463859558,0.006353780627250671,0.14656558632850647,-0.060358986258506775,0.1642654538154602,1.0
-0.062350887805223465,0.21258211135864258,-0.017980679869651794,-0.06368914991617203,-0.07348710298538208,0.012247055768966675,0.04740024358034134,-0.23850038647651672,0.01714535802602768,0.005000218749046326,0.14691200852394104,-0.06281787157058716,0.16380515694618225,1.0
-0.0628194659948349,0.21294426918029785,-0.017951413989067078,-0.06275950372219086,-0.07303538918495178,0.011631816625595093,0.04782456159591675,-0.23995660245418549,0.01618354022502899,0.005462422966957092,0.1468208134174347,-0.061992011964321136,0.16447477042675018,1.0
-0.06112515181303024,0.21317623555660248,-0.017928659915924072,-0.06418359279632568,-0.07403154671192169,0.010498911142349243,0.04624050855636597,-0.2399703562259674,0.01819489896297455,0.004537731409072876,0.1468232274055481,-0.061088673770427704,0.16343550384044647,1.0
-0.06057102605700493,0.2140221744775772,-0.0176934152841568,-0.06357555091381073,-0.07360757887363434,0.008103609085083008,0.04704985022544861,-0.2418602555990219,0.01773170381784439,0.005876690149307251,0.1481287181377411,-0.06001001596450806,0.16346894204616547,1.0
-0.06240035966038704,0.2129293978214264,-0.018048524856567383,-0.06340721249580383,-0.07427895814180374,0.012127086520195007,0.047158002853393555,-0.2393987476825714,0.01685774326324463,0.0055713951587677,0.14603519439697266,-0.06238742917776108,0.16440537571907043,1.0
-0.0626552551984787,0.21275487542152405,-0.01837560534477234,-0.06335828453302383,-0.07392838597297668,0.011596500873565674,0.0477396696805954,-0.2394120991230011,0.017256036400794983,0.006457723677158356,0.14626452326774597,-0.06203547120094299,0.16395162045955658,1.0
-0.06170685961842537,0.21331194043159485,-0.017861440777778625,-0.06395964324474335,-0.07362429797649384,0.011759892106056213,0.046873725950717926,-0.23941220343112946,0.018133878707885742,0.0053083524107933044,0.14754565060138702,-0.06334374845027924,0.16365300118923187,1.0
-0.060903217643499374,0.2158806473016739,-0.017543479800224304,-0.06332284957170486,-0.07369978725910187,0.007983483374118805,0.04654764384031296,-0.24094127118587494,0.018452823162078857,0.007209122180938721,0.1464053988456726,-0.05884084850549698,0.16409637033939362,1.0
-0.05990048497915268,0.21429544687271118,-0.017557010054588318,-0.06319744884967804,-0.07314867526292801,0.010103285312652588,0.04656173288822174,-0.24024996161460876,0.01799452304840088,0.006254315376281738,0.14676138758659363,-0.06123071908950806,0.1640600711107254,1.0
-0.06404674053192139,0.211676687002182,-0.017732083797454834,-0.0629044845700264,-0.07356079667806625,0.013236060738563538,0.04769327491521835,-0.23824451863765717,0.015807777643203735,0.005246691405773163,0.14544503390789032,-0.06303509324789047,0.1644497811794281,1.0
-0.06234879419207573,0.2125909924507141,-0.018235892057418823,-0.062289200723171234,-0.07381266355514526,0.013015598058700562,0.04673342406749725,-0.23850998282432556,0.015940822660923004,0.0060502588748931885,0.14475716650485992,-0.06277583539485931,0.16490429639816284,1.0
-0.06230435520410538,0.21370162069797516,-0.017668887972831726,-0.0626024529337883,-0.07281260192394257,0.012356869876384735,0.04673336446285248,-0.23862324655056,0.016689270734786987,0.0066995769739151,0.145694762468338,-0.06210356205701828,0.1650073081254959,1.0
-0.06024448946118355,0.21377812325954437,-0.01762622594833374,-0.06382664293050766,-0.07317530363798141,0.011864662170410156,0.04691704362630844,-0.24051369726657867,0.017677396535873413,0.00496470183134079,0.14661860466003418,-0.06175229698419571,0.16358523070812225,1.0
-0.06245371699333191,0.21246996521949768,-0.018019556999206543,-0.0634375661611557,-0.07280376553535461,0.01287589967250824,0.047337763011455536,-0.239280104637146,0.016477249562740326,0.005913212895393372,0.14626042544841766,-0.0622427761554718,0.16417954862117767,1.0
-0.0630531907081604,0.21192026138305664,-0.01776619255542755,-0.06277911365032196,-0.07297441363334656,0.01461251825094223,0.04784892871975899,-0.23754435777664185,0.015942350029945374,0.0054903775453567505,0.14540995657444,-0.06383316218852997,0.16456297039985657,1.0
-0.05896464362740517,0.21766388416290283,-0.017606034874916077,-0.06289114058017731,-0.07341428101062775,0.007040888071060181,0.04540889710187912,-0.2440028339624405,0.01871165633201599,0.007811971008777618,0.1477193683385849,-0.059349656105041504,0.16540026664733887,1.0
-0.06349438428878784,0.2116040289402008,-0.01782892644405365,-0.06330694258213043,-0.0727485790848732,0.015307679772377014,0.04831959307193756,-0.23709286749362946,0.015620168298482895,0.00544370710849762,0.14563234150409698,-0.0640759989619255,0.1643008291721344,1.0
-0.06303614377975464,0.21275299787521362,-0.018557995557785034,-0.06204608827829361,-0.07315746694803238,0.012915566563606262,0.04686872661113739,-0.2376689612865448,0.016200508922338486,0.006184443831443787,0.14493459463119507,-0.062363117933273315,0.1647547036409378,1.0
-0.06147973984479904,0.21392542123794556,-0.017762884497642517,-0.06325330585241318,-0.07339677214622498,0.010883539915084839,0.04724046587944031,-0.24048849940299988,0.016680091619491577,0.005557529628276825,0.14662840962409973,-0.061531633138656616,0.1640845090150833,1.0
-0.06536774337291718,0.21030661463737488,-0.017804577946662903,-0.06293793767690659,-0.07325421273708344,0.015238955616950989,0.04814513027667999,-0.2358589768409729,0.01587751880288124,0.005154132843017578,0.14468175172805786,-0.06367909163236618,0.16396008431911469,1.0
-0.06252165883779526,0.21260741353034973,-0.018578946590423584,-0.06233420595526695,-0.0735076367855072,0.012475550174713135,0.04705290496349335,-0.23815900087356567,0.016016464680433273,0.006273776292800903,0.14532122015953064,-0.062293000519275665,0.16450181603431702,1.0
-0.06139075756072998,0.21190258860588074,-0.016865774989128113,-0.06627131998538971,-0.0751616507768631,0.009857431054115295,0.047300420701503754,-0.23992957174777985,0.01961573213338852,0.0037168562412261963,0.14660650491714478,-0.05982308089733124,0.1608656942844391,1.0
-0.06023244932293892,0.21485118567943573,-0.01644425094127655,-0.06363113224506378,-0.07406763732433319,0.008709810674190521,0.04640607535839081,-0.24224479496479034,0.01814025640487671,0.00444648414850235,0.1470290571451187,-0.059844329953193665,0.16407379508018494,1.0
-0.062144894152879715,0.21325688064098358,-0.017649278044700623,-0.0628131628036499,-0.07283595204353333,0.013296723365783691,0.04718700051307678,-0.23925860226154327,0.01662137359380722,0.005977444350719452,0.14565736055374146,-0.06268060952425003,0.16485784947872162,1.0
-0.06315504759550095,0.21227027475833893,-0.01860855519771576,-0.06303812563419342,-0.07370513677597046,0.01230427622795105,0.04740873724222183,-0.23919804394245148,0.016118645668029785,0.0055827796459198,0.1463088095188141,-0.06246694177389145,0.1641957312822342,1.0
-0.06361852586269379,0.21231722831726074,-0.01675434410572052,-0.06284306943416595,-0.0727386400103569,0.013951554894447327,0.04743129014968872,-0.23798330128192902,0.01583019644021988,0.006156206130981445,0.14426526427268982,-0.06244353950023651,0.16479367017745972,1.0
-0.06259511411190033,0.2133476436138153,-0.017565324902534485,-0.06347066164016724,-0.07366754859685898,0.010113134980201721,0.047540195286273956,-0.24033038318157196,0.017317362129688263,0.005912609398365021,0.1467355340719223,-0.060559824109077454,0.16384658217430115,1.0
-0.06244739517569542,0.21389679610729218,-0.016435042023658752,-0.06275071203708649,-0.07352890074253082,0.01047477126121521,0.04711352288722992,-0.2406817525625229,0.017166942358016968,0.006134644150733948,0.14605441689491272,-0.0610230416059494,0.16500289738178253,1.0
-0.06262461841106415,0.2124537080526352,-0.017881348729133606,-0.06307519972324371,-0.07371724396944046,0.012421995401382446,0.04722604900598526,-0.2379969209432602,0.01700425148010254,0.0059042274951934814,0.14498695731163025,-0.06181705743074417,0.16397786140441895,1.0
-0.06252627819776535,0.2128877341747284,-0.01889285445213318,-0.0626632422208786,-0.07348807901144028,0.012938380241394043,0.0472618043422699,-0.23900654911994934,0.016093775629997253,0.00606980174779892,0.14602097868919373,-0.06300912797451019,0.16470223665237427,1.0
-0.06232324242591858,0.2130582332611084,-0.017656132578849792,-0.06293322145938873,-0.07341177761554718,0.012054607272148132,0.04711353778839111,-0.23974604904651642,0.016964487731456757,0.005714535713195801,0.14567160606384277,-0.06189689040184021,0.16463838517665863,1.0
-0.06178789958357811,0.21291384100914001,-0.01762835681438446,-0.06332181394100189,-0.07394145429134369,0.010270774364471436,0.046879902482032776,-0.23927773535251617,0.017138198018074036,0.004701346158981323,0.1467406302690506,-0.0618351474404335,0.16347907483577728,1.0
-0.06256307661533356,0.21271121501922607,-0.018276691436767578,-0.06197432428598404,-0.07321751117706299,0.01286451518535614,0.04730893671512604,-0.23866155743598938,0.016531914472579956,0.006455466151237488,0.14515602588653564,-0.06232292950153351,0.1648823469877243,1.0
-0.0610831119120121,0.2152407169342041,-0.018394947052001953,-0.0623389407992363,-0.07515047490596771,0.009346440434455872,0.04584510624408722,-0.24105149507522583,0.01719851791858673,0.007186233997344971,0.14595577120780945,-0.06092246621847153,0.16517411172389984,1.0
-0.06175117939710617,0.21306109428405762,-0.017265215516090393,-0.06438194960355759,-0.07414158433675766,0.011111803352832794,0.04593084752559662,-0.23913565278053284,0.018146812915802002,0.004403494298458099,0.1459420919418335,-0.06163053214550018,0.16350507736206055,1.0
-0.06268388777971268,0.21199287474155426,-0.019093245267868042,-0.061332058161497116,-0.0735263004899025,0.012745469808578491,0.04726932942867279,-0.23804624378681183,0.015935685485601425,0.00596792995929718,0.14510315656661987,-0.06272533535957336,0.16434840857982635,1.0
-0.06294573843479156,0.21317937970161438,-0.017319247126579285,-0.0614377036690712,-0.07268927246332169,0.011645354330539703,0.047584906220436096,-0.2383439689874649,0.016305461525917053,0.006244301795959473,0.14539387822151184,-0.06231147050857544,0.1650765836238861,1.0
-0.0633905827999115,0.21195095777511597,-0.017507418990135193,-0.06303446739912033,-0.07328702509403229,0.013364210724830627,0.04711990803480148,-0.23785582184791565,0.015793323516845703,0.005558475852012634,0.14507336914539337,-0.06266528367996216,0.16438013315200806,1.0
-0.06357912719249725,0.2117311656475067,-0.01817941665649414,-0.06270497292280197,-0.07330116629600525,0.013078644871711731,0.04808453842997551,-0.23763906955718994,0.016378015279769897,0.005484655499458313,0.1460772156715393,-0.0630059614777565,0.16418705880641937,1.0
-0.06366336345672607,0.2113453894853592,-0.01770709455013275,-0.06202372908592224,-0.07272285223007202,0.012967407703399658,0.04769359156489372,-0.2383369356393814,0.01609911024570465,0.005408421158790588,0.1456764042377472,-0.06291668117046356,0.16441571712493896,1.0
-0.06094773858785629,0.213758647441864,-0.01811733841896057,-0.06284123659133911,-0.07326416671276093,0.01210564374923706,0.047430627048015594,-0.23972198367118835,0.016856521368026733,0.006184175610542297,0.146530419588089,-0.06250882893800735,0.16460570693016052,1.0
-0.06263657659292221,0.21200250089168549,-0.01870037615299225,-0.06328381597995758,-0.07302786409854889,0.014561578631401062,0.04796481132507324,-0.23823295533657074,0.016309969127178192,0.005790844559669495,0.1458745151758194,-0.06366026401519775,0.1641649752855301,1.0
-0.06318622827529907,0.21255120635032654,-0.018018528819084167,-0.06280586868524551,-0.07293453812599182,0.013237819075584412,0.04758182168006897,-0.23816758394241333,0.016379043459892273,0.006193801760673523,0.14549291133880615,-0.06279736757278442,0.16443444788455963,1.0
-0.061571113765239716,0.21443380415439606,-0.01822260022163391,-0.062407828867435455,-0.07314059883356094,0.011130020022392273,0.046727150678634644,-0.24003297090530396,0.016809701919555664,0.006655730307102203,0.1463751196861267,-0.06194794178009033,0.16481882333755493,1.0
-0.060983382165431976,0.2139282524585724,-0.017956629395484924,-0.06294668465852737,-0.07381274551153183,0.010685980319976807,0.04637567698955536,-0.24073483049869537,0.016896888613700867,0.005356892943382263,0.14568626880645752,-0.061041660606861115,0.1644025444984436,1.0
-0.06279578804969788,0.21312783658504486,-0.018397852778434753,-0.06288366764783859,-0.07297607511281967,0.012505292892456055,0.046884968876838684,-0.23912911117076874,0.01657348871231079,0.0064249709248542786,0.14645624160766602,-0.06270436942577362,0.16470971703529358,1.0
-0.06517700850963593,0.2105356901884079,-0.01770593225955963,-0.0625109151005745,-0.07285119593143463,0.015435487031936646,0.048318956047296524,-0.23558273911476135,0.015232406556606293,0.005354374647140503,0.1445939540863037,-0.0640338584780693,0.1643720269203186,1.0
-0.062090273946523666,0.21236777305603027,-0.01836879551410675,-0.06393377482891083,-0.0738031417131424,0.014142848551273346,0.04687853902578354,-0.23837313055992126,0.01679198443889618,0.005755126476287842,0.14553382992744446,-0.06302570551633835,0.1643449366092682,1.0
-0.06307638436555862,0.21234163641929626,-0.018478646874427795,-0.06233114004135132,-0.07274989038705826,0.013601116836071014,0.04783077910542488,-0.23829953372478485,0.01577894017100334,0.006174527108669281,0.1466698944568634,-0.0639842227101326,0.16454248130321503,1.0
-0.060022249817848206,0.21496166288852692,-0.017890065908432007,-0.06255270540714264,-0.07472590357065201,0.0074131786823272705,0.04572372883558273,-0.24120059609413147,0.017980903387069702,0.005178347229957581,0.14681798219680786,-0.06009797006845474,0.16388702392578125,1.0
-0.062349893152713776,0.21185165643692017,-0.018592432141304016,-0.06327357888221741,-0.07354713976383209,0.012894868850708008,0.047292888164520264,-0.23812226951122284,0.01690089702606201,0.005239203572273254,0.14624431729316711,-0.06308265030384064,0.16395513713359833,1.0
-0.06131723150610924,0.213253453373909,-0.018061906099319458,-0.06274844706058502,-0.07356998324394226,0.010007523000240326,0.04705572873353958,-0.23966766893863678,0.01779581606388092,0.005721576511859894,0.14624923467636108,-0.06080004572868347,0.16373474895954132,1.0
-0.0632692277431488,0.21223831176757812,-0.017992094159126282,-0.063300222158432,-0.0733291432261467,0.014584369957447052,0.04757450520992279,-0.23763850331306458,0.01601579412817955,0.006088003516197205,0.14486683905124664,-0.0635194331407547,0.16443316638469696,1.0
-0.06374596059322357,0.21131616830825806,-0.017697066068649292,-0.06345734000205994,-0.07335115969181061,0.015144266188144684,0.047814711928367615,-0.23695391416549683,0.016544513404369354,0.005221888422966003,0.14496195316314697,-0.06359392404556274,0.16393311321735382,1.0
-0.061757687479257584,0.21326082944869995,-0.01786959171295166,-0.06321137398481369,-0.07344618439674377,0.011026926338672638,0.04689248651266098,-0.23957444727420807,0.01761700212955475,0.005608886480331421,0.1464526653289795,-0.061396755278110504,0.16400988399982452,1.0
-0.062129907310009,0.21240079402923584,-0.017235592007637024,-0.06252917647361755,-0.07367365062236786,0.012644529342651367,0.04693586379289627,-0.23909981548786163,0.016543254256248474,0.004815623164176941,0.14503026008605957,-0.06225848197937012,0.1641009896993637,1.0
-0.06436200439929962,0.21125154197216034,-0.01794971525669098,-0.06248433142900467,-0.07274468243122101,0.015160426497459412,0.048121608793735504,-0.23631367087364197,0.01562672108411789,0.006095975637435913,0.14480885863304138,-0.06398637592792511,0.16455838084220886,1.0
-0.06128356233239174,0.21328048408031464,-0.017850473523139954,-0.06272203475236893,-0.0730559378862381,0.011426687240600586,0.04706553369760513,-0.23913441598415375,0.01732240617275238,0.005627155303955078,0.1460733413696289,-0.06158509850502014,0.16434529423713684,1.0
-0.06356926262378693,0.21371661126613617,-0.018613263964653015,-0.06275583058595657,-0.07278123497962952,0.012013465166091919,0.047102659940719604,-0.2390137016773224,0.016585782170295715,0.00729738175868988,0.1463165283203125,-0.06225922703742981,0.16508707404136658,1.0
-0.061857521533966064,0.21277925372123718,-0.018374815583229065,-0.06247885525226593,-0.07394492626190186,0.011449158191680908,0.0463627427816391,-0.23958680033683777,0.01695805788040161,0.006300121545791626,0.14553996920585632,-0.061967164278030396,0.1645028293132782,1.0
-0.061767831444740295,0.21356095373630524,-0.01836438477039337,-0.06317411363124847,-0.0737866759300232,0.01038224995136261,0.04705582559108734,-0.24019905924797058,0.017279811203479767,0.005387023091316223,0.14667284488677979,-0.06097450852394104,0.16418415307998657,1.0
-0.06309574842453003,0.21188339591026306,-0.01810036599636078,-0.06239117681980133,-0.07421807944774628,0.013045504689216614,0.04732649028301239,-0.23763945698738098,0.01652871072292328,0.006002768874168396,0.1450997292995453,-0.06316067278385162,0.1644778847694397,1.0
-0.06213609501719475,0.21371348202228546,-0.01794581115245819,-0.06261253356933594,-0.07263690233230591,0.01129920780658722,0.04698365926742554,-0.23974089324474335,0.016601867973804474,0.006895139813423157,0.14555896818637848,-0.060689717531204224,0.1646876484155655,1.0
-0.05987251549959183,0.21493558585643768,-0.01818723976612091,-0.06253711879253387,-0.07519574463367462,0.007460825145244598,0.0452854260802269,-0.2406410276889801,0.018571116030216217,0.005230411887168884,0.14599721133708954,-0.059167563915252686,0.1641017496585846,1.0
-0.06440818309783936,0.21043650805950165,-0.018604889512062073,-0.0625830590724945,-0.07375404238700867,0.01563917100429535,0.04787110164761543,-0.23662319779396057,0.015498436987400055,0.005636200308799744,0.14493170380592346,-0.06475535780191422,0.16447174549102783,1.0
-0.0635937750339508,0.21103259921073914,-0.01805052161216736,-0.06223224103450775,-0.07264210283756256,0.014099381864070892,0.048208318650722504,-0.23710249364376068,0.01571652665734291,0.005516186356544495,0.14543041586875916,-0.06373369693756104,0.1640906184911728,1.0
-0.060648947954177856,0.2155541181564331,-0.018330827355384827,-0.06266672909259796,-0.07376694679260254,0.008173957467079163,0.04588264226913452,-0.24219875037670135,0.01709975302219391,0.006578437983989716,0.14674712717533112,-0.05957627296447754,0.16483652591705322,1.0
-0.0643000453710556,0.2109278440475464,-0.018275484442710876,-0.06217899173498154,-0.07315543293952942,0.014932587742805481,0.04786992445588112,-0.23630733788013458,0.01548776775598526,0.006083205342292786,0.14451497793197632,-0.06383242458105087,0.16469354927539825,1.0
-0.0636444240808487,0.21313154697418213,-0.018035218119621277,-0.06301999092102051,-0.07271234691143036,0.013156607747077942,0.04801902920007706,-0.23848353326320648,0.016407422721385956,0.006655380129814148,0.14688727259635925,-0.06317979097366333,0.1647152155637741,1.0
-0.06378936767578125,0.21244129538536072,-0.0171852707862854,-0.06338441371917725,-0.07341206073760986,0.012427657842636108,0.047517307102680206,-0.23800663650035858,0.01738855242729187,0.006240628659725189,0.14628276228904724,-0.06271734088659286,0.16446086764335632,1.0
-0.06296183168888092,0.21405668556690216,-0.01827661693096161,-0.06199470907449722,-0.07234613597393036,0.013006627559661865,0.046980805695056915,-0.23883315920829773,0.015939831733703613,0.007858306169509888,0.14523442089557648,-0.062404826283454895,0.16563616693019867,1.0
-0.06180771440267563,0.2148251235485077,-0.01753152906894684,-0.06255368888378143,-0.0733243077993393,0.009955145418643951,0.046577803790569305,-0.24073491990566254,0.017567306756973267,0.005833350121974945,0.1466500461101532,-0.06092046946287155,0.1648070067167282,1.0
-0.06272143125534058,0.21247413754463196,-0.017932787537574768,-0.06241000071167946,-0.07343233376741409,0.012477174401283264,0.04706266522407532,-0.23836325109004974,0.0166359543800354,0.005709409713745117,0.14501532912254333,-0.06174091249704361,0.16446658968925476,1.0
-0.06288930773735046,0.2116510570049286,-0.018339619040489197,-0.06271091103553772,-0.07405811548233032,0.013351023197174072,0.04744785279035568,-0.2382153570652008,0.016394637525081635,0.005280658602714539,0.14547595381736755,-0.06312701851129532,0.1640470325946808,1.0
-0.06284181028604507,0.2132202684879303,-0.018500223755836487,-0.06221938878297806,-0.07418296486139297,0.0116916224360466,0.046291522681713104,-0.23817971348762512,0.016193024814128876,0.006185278296470642,0.14474959671497345,-0.061899006366729736,0.16478951275348663,1.0
-0.06190410256385803,0.2149745523929596,-0.017452478408813477,-0.06332474201917648,-0.07225443422794342,0.011775970458984375,0.047334760427474976,-0.23989282548427582,0.01724587380886078,0.007196336984634399,0.14663942158222198,-0.06136998534202576,0.16522856056690216,1.0
-0.06259341537952423,0.2127126306295395,-0.017625510692596436,-0.06256131827831268,-0.07271073013544083,0.012904763221740723,0.04755014181137085,-0.23923586308956146,0.01584308221936226,0.005919933319091797,0.1455688178539276,-0.06238047033548355,0.16484956443309784,1.0
-0.06327225267887115,0.21283918619155884,-0.017557010054588318,-0.06241336092352867,-0.07321707904338837,0.01208406686782837,0.04736659675836563,-0.23813454806804657,0.01682029664516449,0.0058068931102752686,0.14578640460968018,-0.06223983317613602,0.16461887955665588,1.0
-0.06115986406803131,0.21404287219047546,-0.017845317721366882,-0.06322839111089706,-0.07331836223602295,0.010395452380180359,0.04690798372030258,-0.23962527513504028,0.018308207392692566,0.005837395787239075,0.14644159376621246,-0.060489170253276825,0.1638801097869873,1.0
-0.060091711580753326,0.21597519516944885,-0.01787601411342621,-0.06272044777870178,-0.0732894092798233,0.008991517126560211,0.046138063073158264,-0.2417149841785431,0.017785288393497467,0.006474524736404419,0.14705806970596313,-0.060554713010787964,0.16500061750411987,1.0
-0.06302597373723984,0.21275699138641357,-0.017718911170959473,-0.062388282269239426,-0.07343339174985886,0.012463852763175964,0.04735950380563736,-0.238611102104187,0.01601860672235489,0.0054558515548706055,0.14553463459014893,-0.062220796942710876,0.16476447880268097,1.0
-0.06139112263917923,0.21316909790039062,-0.01744680106639862,-0.06446956098079681,-0.07305096089839935,0.011508211493492126,0.047579459846019745,-0.240245521068573,0.017924688756465912,0.00536702573299408,0.14755629003047943,-0.06204751878976822,0.16340985894203186,1.0
-0.062015973031520844,0.21269500255584717,-0.01775364577770233,-0.06306584924459457,-0.07333548367023468,0.013220593333244324,0.047768592834472656,-0.23806750774383545,0.017210006713867188,0.005532443523406982,0.14623388648033142,-0.06265705823898315,0.16418547928333282,1.0
-0.059510305523872375,0.21679504215717316,-0.017522230744361877,-0.06342880427837372,-0.0744209885597229,0.006222829222679138,0.04629766196012497,-0.24303372204303741,0.01897641271352768,0.006726190447807312,0.14854341745376587,-0.058958426117897034,0.1643344759941101,1.0
-0.0599396713078022,0.2145853340625763,-0.01713709533214569,-0.06325867772102356,-0.07365390658378601,0.010462716221809387,0.046300776302814484,-0.24049150943756104,0.018499985337257385,0.005205333232879639,0.14681491255760193,-0.06145612895488739,0.16415183246135712,1.0
-0.060599908232688904,0.21350166201591492,-0.01832689344882965,-0.06194577366113663,-0.07351630926132202,0.01056663691997528,0.04710867255926132,-0.2391248345375061,0.017692595720291138,0.00628015398979187,0.14640310406684875,-0.06129491329193115,0.164363831281662,1.0
-0.064046710729599,0.21107634902000427,-0.016729146242141724,-0.06326874345541,-0.07315520942211151,0.014411821961402893,0.04794067144393921,-0.23625388741493225,0.016740575432777405,0.0046838149428367615,0.14497622847557068,-0.063310407102108,0.16386467218399048,1.0
-0.06124519556760788,0.21356657147407532,-0.0181778222322464,-0.06325861811637878,-0.0743570327758789,0.009810365736484528,0.04664793610572815,-0.24045777320861816,0.017518140375614166,0.004822373390197754,0.14655958116054535,-0.06080383062362671,0.1639021933078766,1.0
-0.06007961556315422,0.217137411236763,-0.017101675271987915,-0.06409282982349396,-0.07410215586423874,0.006230048835277557,0.04533164203166962,-0.24350625276565552,0.01894357055425644,0.0067515745759010315,0.14772066473960876,-0.05865374207496643,0.16447000205516815,1.0
-0.06112929806113243,0.21455343067646027,-0.018804267048835754,-0.06225649639964104,-0.0734805166721344,0.010037615895271301,0.04662930965423584,-0.24091887474060059,0.016865618526935577,0.007187962532043457,0.14580556750297546,-0.059939414262771606,0.16464918851852417,1.0
-0.06399001181125641,0.21158574521541595,-0.017718806862831116,-0.0626903772354126,-0.07235616445541382,0.015929795801639557,0.04801345616579056,-0.23629924654960632,0.015229284763336182,0.006001867353916168,0.14417999982833862,-0.06381291896104813,0.16469423472881317,1.0
-0.06083095073699951,0.215409517288208,-0.017535626888275146,-0.0611884780228138,-0.07283785939216614,0.007919885218143463,0.04679068177938461,-0.24083851277828217,0.01769806444644928,0.007394865155220032,0.14703792333602905,-0.05981645733118057,0.16506636142730713,1.0
-0.06343813240528107,0.21318644285202026,-0.01758292317390442,-0.06291002780199051,-0.0729471743106842,0.013237014412879944,0.047702595591545105,-0.23835980892181396,0.016625501215457916,0.006783999502658844,0.14603739976882935,-0.062602698802948,0.16532711684703827,1.0
-0.06377699971199036,0.2113041877746582,-0.01826472580432892,-0.06301280856132507,-0.07345730066299438,0.014575622975826263,0.04745426028966904,-0.2369142472743988,0.01608116924762726,0.005408614873886108,0.14485669136047363,-0.06344743818044662,0.16435518860816956,1.0
-0.06192176789045334,0.2140696942806244,-0.018577679991722107,-0.06285268068313599,-0.07388703525066376,0.010212086141109467,0.04726014286279678,-0.23994863033294678,0.016895949840545654,0.0063515305519104,0.14654266834259033,-0.06090736389160156,0.16451871395111084,1.0
-0.05635243281722069,0.217870831489563,-0.017121106386184692,-0.06316440552473068,-0.07478487491607666,0.005182057619094849,0.04500323534011841,-0.24564072489738464,0.019551031291484833,0.005891099572181702,0.1476212441921234,-0.05754125863313675,0.16465139389038086,1.0
-0.06264554709196091,0.21230053901672363,-0.01792345941066742,-0.06306888163089752,-0.07361535727977753,0.012593656778335571,0.0472966730594635,-0.23872894048690796,0.01629576086997986,0.005732841789722443,0.14541848003864288,-0.06206148862838745,0.1643356829881668,1.0
-0.062399059534072876,0.21264389157295227,-0.018090352416038513,-0.0640595406293869,-0.07432575523853302,0.012605398893356323,0.047337502241134644,-0.2386510819196701,0.01752758026123047,0.005676135420799255,0.1470717489719391,-0.06344737112522125,0.1638520359992981,1.0
-0.0654502809047699,0.20926563441753387,-0.01739203929901123,-0.06309738755226135,-0.0729004442691803,0.01798032969236374,0.04840894415974617,-0.2351880818605423,0.01460196077823639,0.004909828305244446,0.1438210904598236,-0.06552359461784363,0.16411423683166504,1.0
-0.06405356526374817,0.21174952387809753,-0.01740221679210663,-0.06204630434513092,-0.07311464846134186,0.01301351934671402,0.04778033122420311,-0.23732420802116394,0.01599309965968132,0.0051198601722717285,0.14542262256145477,-0.06314688920974731,0.16443772614002228,1.0
-0.06300364434719086,0.21317070722579956,-0.0175771564245224,-0.06219107657670975,-0.07292680442333221,0.013762570917606354,0.047549597918987274,-0.2399328649044037,0.014909684658050537,0.006327122449874878,0.14564834535121918,-0.06401276588439941,0.16574856638908386,1.0
-0.0632251501083374,0.21170783042907715,-0.01738707721233368,-0.06328177452087402,-0.07301110774278641,0.014439672231674194,0.047549568116664886,-0.2374269664287567,0.016096271574497223,0.005253680050373077,0.14561541378498077,-0.0644354298710823,0.16431182622909546,1.0
-0.06201475113630295,0.21211326122283936,-0.01834915578365326,-0.06365989148616791,-0.07379695773124695,0.013641893863677979,0.04767574369907379,-0.2385852038860321,0.01700926572084427,0.005353689193725586,0.14620977640151978,-0.0633491575717926,0.1637873649597168,1.0
-0.0611274316906929,0.21460649371147156,-0.017883330583572388,-0.062235426157712936,-0.07299108058214188,0.011186845600605011,0.046419352293014526,-0.23936727643013,0.01748061180114746,0.007433883845806122,0.1457965075969696,-0.061422862112522125,0.16508270800113678,1.0
-0.06261435151100159,0.2124396562576294,-0.018519312143325806,-0.062044307589530945,-0.07277446985244751,0.013510741293430328,0.04783180356025696,-0.23839759826660156,0.015645824372768402,0.0063634514808654785,0.1455652415752411,-0.06324514746665955,0.1645500659942627,1.0
-0.059261538088321686,0.21646349132061005,-0.01855798065662384,-0.06226050853729248,-0.07430010288953781,0.006317786872386932,0.04517683386802673,-0.24258707463741302,0.017629355192184448,0.006525538861751556,0.1472930610179901,-0.0588841512799263,0.1645338386297226,1.0
-0.06312842667102814,0.21223443746566772,-0.017567723989486694,-0.06320255249738693,-0.07343972474336624,0.01197846233844757,0.04741121083498001,-0.239088237285614,0.016730867326259613,0.0051796212792396545,0.14640137553215027,-0.06213230639696121,0.16403692960739136,1.0
-0.06220659613609314,0.21489693224430084,-0.016853973269462585,-0.062843918800354,-0.07405458390712738,0.011243700981140137,0.047010719776153564,-0.24077507853507996,0.016430169343948364,0.008158475160598755,0.14708364009857178,-0.06292705237865448,0.16571499407291412,1.0
-0.06306988000869751,0.2132360190153122,-0.016784414649009705,-0.06288416683673859,-0.07277687638998032,0.011363796889781952,0.047700926661491394,-0.23858480155467987,0.01682990789413452,0.0055818110704422,0.14609313011169434,-0.061403073370456696,0.164283886551857,1.0
-0.06192769110202789,0.2144727259874344,-0.0180426687002182,-0.06213753670454025,-0.0731896460056305,0.010240316390991211,0.047570258378982544,-0.24072778224945068,0.016797535121440887,0.007865384221076965,0.14730611443519592,-0.061827659606933594,0.1650288999080658,1.0
-0.06314894556999207,0.2127903699874878,-0.017276659607887268,-0.06320735067129135,-0.07328714430332184,0.013115085661411285,0.047605425119400024,-0.23826387524604797,0.01627396047115326,0.005780726671218872,0.1458439975976944,-0.06285151839256287,0.1646154671907425,1.0
-0.06489388644695282,0.21113742887973785,-0.017639800906181335,-0.062458403408527374,-0.07263242453336716,0.015776239335536957,0.04826335608959198,-0.23673191666603088,0.01505976915359497,0.005821831524372101,0.14480698108673096,-0.06467463076114655,0.16477729380130768,1.0
-0.06148573011159897,0.2140006572008133,-0.017573580145835876,-0.06285969913005829,-0.07311463356018066,0.01211605966091156,0.04735106974840164,-0.23970597982406616,0.016528241336345673,0.005533292889595032,0.14620888233184814,-0.06221254914999008,0.16460326313972473,1.0
-0.05887420475482941,0.21669664978981018,-0.017684176564216614,-0.06380118429660797,-0.07511565089225769,0.005757816135883331,0.04458920657634735,-0.2441895455121994,0.018718942999839783,0.005493521690368652,0.14738358557224274,-0.05817176401615143,0.1637137532234192,1.0
-0.06419163197278976,0.2109237015247345,-0.017203837633132935,-0.06320728361606598,-0.07294590771198273,0.015743210911750793,0.048110708594322205,-0.23619002103805542,0.015994079411029816,0.005148991942405701,0.14500102400779724,-0.06475934386253357,0.16429805755615234,1.0
-0.06114904582500458,0.21207964420318604,-0.01820261776447296,-0.06316670775413513,-0.07385621964931488,0.013123750686645508,0.047278545796871185,-0.23923037946224213,0.016914397478103638,0.0043044015765190125,0.14562299847602844,-0.062445901334285736,0.16380713880062103,1.0
-0.06272044777870178,0.2137450873851776,-0.0179121196269989,-0.06282959878444672,-0.07408103346824646,0.010764732956886292,0.04783385992050171,-0.23952418565750122,0.017550736665725708,0.005564212799072266,0.14714278280735016,-0.061830222606658936,0.16424286365509033,1.0
-0.06594841182231903,0.20943915843963623,-0.01724277436733246,-0.06310693919658661,-0.07304409146308899,0.017248839139938354,0.048015840351581573,-0.23521184921264648,0.015213381499052048,0.004861623048782349,0.14367656409740448,-0.06502989679574966,0.1640881896018982,1.0
-0.06472837924957275,0.21056285500526428,-0.01745496690273285,-0.06297653913497925,-0.07277345657348633,0.015772491693496704,0.04863332211971283,-0.23608291149139404,0.015489667654037476,0.0055297985672950745,0.14503666758537292,-0.06420230120420456,0.16413135826587677,1.0
-0.061574436724185944,0.21400782465934753,-0.018081828951835632,-0.06191454455256462,-0.07244826853275299,0.011615142226219177,0.04716189205646515,-0.2399916648864746,0.01598888263106346,0.006767496466636658,0.14618417620658875,-0.061654940247535706,0.16521820425987244,1.0
-0.06188616529107094,0.21449041366577148,-0.01795056462287903,-0.06263518333435059,-0.07326973974704742,0.01082388311624527,0.047352977097034454,-0.2404981553554535,0.017193756997585297,0.006704963743686676,0.14682410657405853,-0.06157452613115311,0.16453497111797333,1.0
-0.061952512711286545,0.21258436143398285,-0.017914727330207825,-0.06271715462207794,-0.07363473623991013,0.011653751134872437,0.046795815229415894,-0.23857958614826202,0.01742907613515854,0.005511492490768433,0.14550212025642395,-0.0614151656627655,0.16388855874538422,1.0
-0.06281805038452148,0.2127755582332611,-0.017716258764266968,-0.0625462457537651,-0.07353135198354721,0.011893108487129211,0.04749719053506851,-0.2385842204093933,0.016841724514961243,0.0059524476528167725,0.1462630033493042,-0.0622461661696434,0.16449089348316193,1.0
-0.06406636536121368,0.2109876275062561,-0.017758086323738098,-0.06308697164058685,-0.07354016602039337,0.014896243810653687,0.047208234667778015,-0.2363918125629425,0.016545772552490234,0.004785805940628052,0.14475667476654053,-0.06409846991300583,0.1641194224357605,1.0
-0.06223804131150246,0.21279644966125488,-0.019280314445495605,-0.0623222216963768,-0.0733465775847435,0.01296350359916687,0.04687943309545517,-0.23860976099967957,0.016006693243980408,0.006139345467090607,0.14551880955696106,-0.062586709856987,0.1648302525281906,1.0
-0.06284293532371521,0.2125363051891327,-0.017768114805221558,-0.06214506924152374,-0.07305256277322769,0.01326531171798706,0.04742725193500519,-0.23869948089122772,0.016398325562477112,0.005850434303283691,0.14579641819000244,-0.06309344619512558,0.1648135930299759,1.0
-0.06238453462719917,0.21362924575805664,-0.017265960574150085,-0.06341544538736343,-0.07299377024173737,0.012929946184158325,0.04728825390338898,-0.23955141007900238,0.01638811081647873,0.007253557443618774,0.14630842208862305,-0.06326328963041306,0.16535723209381104,1.0
-0.06339547038078308,0.21300587058067322,-0.017987355589866638,-0.06383330374956131,-0.07321447134017944,0.011766418814659119,0.048204630613327026,-0.238858163356781,0.01716482639312744,0.00675337016582489,0.14691808819770813,-0.06250852346420288,0.1639535129070282,1.0
-0.06264626979827881,0.21239110827445984,-0.0181761234998703,-0.06332986056804657,-0.07306848466396332,0.012771137058734894,0.047399818897247314,-0.23905913531780243,0.016535282135009766,0.005119740962982178,0.14667192101478577,-0.06282969564199448,0.1638408899307251,1.0
-0.06193796172738075,0.21375420689582825,-0.01783047616481781,-0.06320236623287201,-0.07356764376163483,0.010899491608142853,0.04731885343790054,-0.2391311675310135,0.017345547676086426,0.006870180368423462,0.14661096036434174,-0.061669111251831055,0.16434568166732788,1.0
-0.06368762254714966,0.21112501621246338,-0.018333613872528076,-0.06285005807876587,-0.07316694408655167,0.013903215527534485,0.047862254083156586,-0.2372981607913971,0.016144104301929474,0.005515381693840027,0.14567449688911438,-0.06339865177869797,0.16403497755527496,1.0
-0.06186185032129288,0.21391761302947998,-0.01752777397632599,-0.063370481133461,-0.07337534427642822,0.010824553668498993,0.04720316827297211,-0.24106013774871826,0.017499476671218872,0.00624905526638031,0.1467854231595993,-0.061382003128528595,0.16442570090293884,1.0
-0.06222805753350258,0.2123117744922638,-0.01773996651172638,-0.06301822513341904,-0.07331256568431854,0.012890413403511047,0.04757992923259735,-0.2380392849445343,0.017083369195461273,0.005485251545906067,0.145809143781662,-0.062428466975688934,0.16402074694633484,1.0
-0.06070033460855484,0.2143741250038147,-0.016997769474983215,-0.06229068711400032,-0.07315335422754288,0.00982658565044403,0.04702399671077728,-0.2397303432226181,0.018010415136814117,0.005674883723258972,0.1468581259250641,-0.06147535890340805,0.16432848572731018,1.0
-0.06233672797679901,0.21252693235874176,-0.018006950616836548,-0.06282320618629456,-0.07350733876228333,0.012651145458221436,0.04749274253845215,-0.23837316036224365,0.016825050115585327,0.00637952983379364,0.14551396667957306,-0.06241463124752045,0.16429564356803894,1.0
-0.06201998516917229,0.21348178386688232,-0.01808418333530426,-0.06287640333175659,-0.07307976484298706,0.01119481772184372,0.04766879975795746,-0.2392847239971161,0.017168939113616943,0.00579167902469635,0.14725401997566223,-0.062192969024181366,0.16388994455337524,1.0
-0.06129281595349312,0.2158021777868271,-0.01789747178554535,-0.06353696435689926,-0.07470136135816574,0.0067581906914711,0.04641908407211304,-0.24117907881736755,0.019283950328826904,0.005718797445297241,0.14846107363700867,-0.05909872055053711,0.16377197206020355,1.0
-0.06103134527802467,0.21484488248825073,-0.017550870776176453,-0.06399862468242645,-0.07324327528476715,0.01068153977394104,0.04722912609577179,-0.2409200370311737,0.01733299344778061,0.006781235337257385,0.147284597158432,-0.06132292002439499,0.1644229292869568,1.0
-0.062083251774311066,0.21316295862197876,-0.017766162753105164,-0.06305848062038422,-0.07287989556789398,0.011933691799640656,0.04783355072140694,-0.2390659749507904,0.017210356891155243,0.0058093443512916565,0.14663541316986084,-0.06206997483968735,0.16400806605815887,1.0
-0.061722125858068466,0.2129078358411789,-0.0177919864654541,-0.0633896142244339,-0.07317875325679779,0.012861460447311401,0.0467212051153183,-0.23910215497016907,0.01720009744167328,0.005664333701133728,0.1454857885837555,-0.06191738694906235,0.16424177587032318,1.0
-0.062287550419569016,0.21339459717273712,-0.017818734049797058,-0.0627027302980423,-0.07331697642803192,0.012149102985858917,0.046587809920310974,-0.23845066130161285,0.017012402415275574,0.00648556649684906,0.14535000920295715,-0.061995729804039,0.16478566825389862,1.0
-0.061080191284418106,0.21401697397232056,-0.017839089035987854,-0.06353925168514252,-0.07393805682659149,0.011452220380306244,0.0465402752161026,-0.23961912095546722,0.017928972840309143,0.005834668874740601,0.14623865485191345,-0.06180459260940552,0.1644432544708252,1.0
-0.06158536300063133,0.21615561842918396,-0.01662309467792511,-0.06291453540325165,-0.07306990027427673,0.009877994656562805,0.04636545479297638,-0.24167299270629883,0.017419420182704926,0.007717430591583252,0.14602811634540558,-0.06054215133190155,0.16560113430023193,1.0
-0.06364808976650238,0.21185627579689026,-0.016957327723503113,-0.0634274110198021,-0.0734226405620575,0.01334621012210846,0.0476025752723217,-0.23708227276802063,0.016977623105049133,0.005612403154373169,0.14569781720638275,-0.0627085417509079,0.1641911417245865,1.0
-0.06186369061470032,0.21410661935806274,-0.01785111427307129,-0.0625358521938324,-0.07317985594272614,0.011010229587554932,0.046916089951992035,-0.24000312387943268,0.017093241214752197,0.006715491414070129,0.14590893685817719,-0.06092623621225357,0.16460955142974854,1.0
-0.06269048154354095,0.21189329028129578,-0.01745469868183136,-0.06364706158638,-0.07323670387268066,0.013070657849311829,0.04816414415836334,-0.23895499110221863,0.016923092305660248,0.004759587347507477,0.14695149660110474,-0.06316474080085754,0.16386695206165314,1.0
-0.060023196041584015,0.21593528985977173,-0.018260091543197632,-0.06245851144194603,-0.0732870101928711,0.008842483162879944,0.04683323949575424,-0.24214106798171997,0.017699211835861206,0.007135242223739624,0.14775532484054565,-0.06007525324821472,0.16503526270389557,1.0
-0.05819724127650261,0.21580266952514648,-0.016989514231681824,-0.06399271637201309,-0.07445426285266876,0.008278176188468933,0.04584459215402603,-0.24167627096176147,0.01920206844806671,0.005776621401309967,0.14778979122638702,-0.06010940670967102,0.1635705530643463,1.0
-0.0636785626411438,0.211633563041687,-0.01798929274082184,-0.06271626800298691,-0.07339175790548325,0.013552635908126831,0.047440849244594574,-0.2378770411014557,0.016033515334129333,0.005370110273361206,0.1458311378955841,-0.06344406306743622,0.16446974873542786,1.0
-0.06346432864665985,0.21159401535987854,-0.018357858061790466,-0.06295149028301239,-0.07348941266536713,0.014250800013542175,0.04731608182191849,-0.23751074075698853,0.016307473182678223,0.005482122302055359,0.14517742395401,-0.06322097778320312,0.1643487811088562,1.0
-0.06429151445627213,0.2113972306251526,-0.016865625977516174,-0.06374602764844894,-0.07291986048221588,0.015696823596954346,0.04768940061330795,-0.23646020889282227,0.016694851219654083,0.004940316081047058,0.14500363171100616,-0.06441895663738251,0.1640290468931198,1.0
-0.06205333024263382,0.21350236237049103,-0.018173947930336,-0.06293781101703644,-0.07345914840698242,0.011801660060882568,0.04736772179603577,-0.23962536454200745,0.016572609543800354,0.006209932267665863,0.1466195434331894,-0.06238839030265808,0.16440686583518982,1.0
-0.061827290803194046,0.21280774474143982,-0.018021270632743835,-0.06249311566352844,-0.0730012059211731,0.011964306235313416,0.04734861105680466,-0.23906539380550385,0.016863644123077393,0.005505725741386414,0.14604127407073975,-0.06185009330511093,0.16412347555160522,1.0
-0.06304702162742615,0.2122473269701004,-0.017429515719413757,-0.06250093877315521,-0.07255175709724426,0.014609575271606445,0.047668904066085815,-0.2374449372291565,0.016172297298908234,0.006235092878341675,0.14473935961723328,-0.06329135596752167,0.1646481603384018,1.0
-0.06261178851127625,0.21287992596626282,-0.018131345510482788,-0.06233357638120651,-0.07342348992824554,0.012511670589447021,0.04689440131187439,-0.23832467198371887,0.015946805477142334,0.005625829100608826,0.14514373242855072,-0.06210978329181671,0.16463838517665863,1.0
-0.0633680522441864,0.2120833843946457,-0.01807202398777008,-0.0624125637114048,-0.0728890672326088,0.013375923037528992,0.04758221656084061,-0.23762565851211548,0.01620793342590332,0.0062852948904037476,0.14520226418972015,-0.0626843050122261,0.16433148086071014,1.0
-0.05917394533753395,0.21565191447734833,-0.01793821156024933,-0.06293374300003052,-0.07465407252311707,0.006942771375179291,0.04589681327342987,-0.24304436147212982,0.018412798643112183,0.006917282938957214,0.14749664068222046,-0.059509992599487305,0.16426555812358856,1.0
-0.06188636273145676,0.21325983107089996,-0.019095882773399353,-0.062492720782756805,-0.07312388718128204,0.012729942798614502,0.04684402048587799,-0.23895859718322754,0.016656629741191864,0.006942249834537506,0.1451183259487152,-0.06173080950975418,0.1645115315914154,1.0
-0.06354711949825287,0.21040187776088715,-0.018599674105644226,-0.06279616057872772,-0.07397730648517609,0.01479317992925644,0.04763177037239075,-0.23680080473423004,0.01583818718791008,0.005452349781990051,0.1443573236465454,-0.06353305280208588,0.16379500925540924,1.0
-0.06479848921298981,0.21056240797042847,-0.01807178556919098,-0.061992838978767395,-0.07276798784732819,0.015836790204048157,0.04803010821342468,-0.23597988486289978,0.014781847596168518,0.005528785288333893,0.14418043196201324,-0.06428530812263489,0.16462397575378418,1.0
-0.06479848921298981,0.21056240797042847,-0.01807178556919098,-0.061992838978767395,-0.07276798784732819,0.015836790204048157,0.04803010821342468,-0.23597988486289978,0.014781847596168518,0.005528785288333893,0.14418043196201324,-0.06428530812263489,0.16462397575378418,1.0
-0.06365320831537247,0.2111722081899643,-0.017786100506782532,-0.06358271837234497,-0.07298606634140015,0.015384465456008911,0.0484018549323082,-0.2368866354227066,0.01615959033370018,0.005410060286521912,0.14573445916175842,-0.06457465887069702,0.1641123741865158,1.0
-0.06384236365556717,0.2117331326007843,-0.018133938312530518,-0.0622565932571888,-0.07331627607345581,0.014124244451522827,0.04766874760389328,-0.23780184984207153,0.01570015773177147,0.006885439157485962,0.14507387578487396,-0.0637623593211174,0.16509437561035156,1.0
-0.06473569571971893,0.21024839580059052,-0.018120601773262024,-0.06284952163696289,-0.07281839847564697,0.01548708975315094,0.048589177429676056,-0.23614569008350372,0.015622187405824661,0.005463510751724243,0.14518815279006958,-0.06417466700077057,0.16387276351451874,1.0
-0.06336705386638641,0.2124512791633606,-0.0178946852684021,-0.06257486343383789,-0.0737229734659195,0.011881314218044281,0.04725106805562973,-0.23876634240150452,0.01656084507703781,0.005977913737297058,0.14592647552490234,-0.06247887760400772,0.16418123245239258,1.0
-0.06286264955997467,0.21133677661418915,-0.018233641982078552,-0.0629769042134285,-0.0731947124004364,0.014077894389629364,0.0480705164372921,-0.23835718631744385,0.01623353362083435,0.005726084113121033,0.14593592286109924,-0.06377707421779633,0.1640280932188034,1.0
-0.0632876455783844,0.21217042207717896,-0.0182182639837265,-0.06255079805850983,-0.07267402112483978,0.014246493577957153,0.048012882471084595,-0.23749838769435883,0.016016226261854172,0.006273224949836731,0.1456628143787384,-0.06351945549249649,0.16468359529972076,1.0
-0.06190818175673485,0.21395975351333618,-0.017203181982040405,-0.06318751722574234,-0.0728222131729126,0.013366654515266418,0.04681512713432312,-0.2383839339017868,0.016945689916610718,0.006136044859886169,0.1456412672996521,-0.0625080093741417,0.16496232151985168,1.0
-0.0626516193151474,0.2123156487941742,-0.01836352050304413,-0.06252321600914001,-0.07311147451400757,0.014525890350341797,0.04721544682979584,-0.23752076923847198,0.016222789883613586,0.006435804069042206,0.14454713463783264,-0.0633174329996109,0.16467183828353882,1.0
-0.06479518115520477,0.2102864682674408,-0.018223077058792114,-0.062511146068573,-0.07324297726154327,0.015827752649784088,0.048118215054273605,-0.23636476695537567,0.01527596265077591,0.005528174340724945,0.14475734531879425,-0.06467466056346893,0.16446775197982788,1.0
-0.06365320831537247,0.2111722081899643,-0.017786100506782532,-0.06358271837234497,-0.07298606634140015,0.015384465456008911,0.0484018549323082,-0.2368866354227066,0.01615959033370018,0.005410060286521912,0.14573445916175842,-0.06457465887069702,0.1641123741865158,1.0
-0.06182599067687988,0.21435226500034332,-0.01824222505092621,-0.062394749373197556,-0.07378769665956497,0.010876774787902832,0.0462503656744957,-0.239674910902977,0.016744978725910187,0.006561733782291412,0.14521385729312897,-0.06082266569137573,0.16510531306266785,1.0
-0.06420980393886566,0.21161040663719177,-0.018044516444206238,-0.0627700686454773,-0.07336394488811493,0.014315187931060791,0.04818744212388992,-0.23730754852294922,0.015862632542848587,0.006166413426399231,0.14535030722618103,-0.06349901109933853,0.16449710726737976,1.0
-0.06565079092979431,0.21098443865776062,-0.0176708847284317,-0.06374296545982361,-0.07340021431446075,0.014651909470558167,0.048068732023239136,-0.23639816045761108,0.01617373153567314,0.0060169994831085205,0.1455918550491333,-0.06364241987466812,0.16406762599945068,1.0
-0.06352514028549194,0.2109314203262329,-0.018081679940223694,-0.06282582879066467,-0.07337093353271484,0.014382749795913696,0.04805543273687363,-0.23834538459777832,0.015362903475761414,0.0051634907722473145,0.14579732716083527,-0.06405463814735413,0.16442689299583435,1.0
-0.06050301715731621,0.21502317488193512,-0.018287286162376404,-0.061924975365400314,-0.07267418503761292,0.008094988763332367,0.04722908139228821,-0.24174296855926514,0.01730768382549286,0.006236962974071503,0.14797797799110413,-0.06007315218448639,0.1641419678926468,1.0
-0.06544490903615952,0.20927941799163818,-0.01798968017101288,-0.06333288550376892,-0.0731060728430748,0.01755008101463318,0.04827544093132019,-0.235548734664917,0.015013504773378372,0.00523010641336441,0.1439405083656311,-0.0652523785829544,0.1639312505722046,1.0
-0.06290527433156967,0.21244531869888306,-0.018591314554214478,-0.06256318092346191,-0.0729590654373169,0.013916604220867157,0.047001421451568604,-0.2382948249578476,0.014999791979789734,0.006496638059616089,0.14448493719100952,-0.0627436637878418,0.1646774262189865,1.0
-0.06300297379493713,0.21259573101997375,-0.017842933535575867,-0.06232992559671402,-0.07286486774682999,0.01418931782245636,0.04722745716571808,-0.23715636134147644,0.016220420598983765,0.0066726356744766235,0.1447029411792755,-0.06312787532806396,0.16500438749790192,1.0
-0.06292776763439178,0.21203623712062836,-0.018455877900123596,-0.0634370967745781,-0.0733901783823967,0.01269242912530899,0.047604359686374664,-0.23823484778404236,0.016925543546676636,0.0054874420166015625,0.14633695781230927,-0.06262736022472382,0.16372150182724,1.0
-0.06505020707845688,0.20915642380714417,-0.018622756004333496,-0.06238120049238205,-0.07329991459846497,0.016385480761528015,0.04827035963535309,-0.23576860129833221,0.01459646224975586,0.004824347794055939,0.14418143033981323,-0.06483633816242218,0.16389301419258118,1.0
-0.06384236365556717,0.2117331326007843,-0.018133938312530518,-0.0622565932571888,-0.07331627607345581,0.014124244451522827,0.04766874760389328,-0.23780184984207153,0.01570015773177147,0.006885439157485962,0.14507387578487396,-0.0637623593211174,0.16509437561035156,1.0
-0.06313759833574295,0.211619034409523,-0.017819255590438843,-0.06380772590637207,-0.0736197978258133,0.012813560664653778,0.04746466875076294,-0.23885513842105865,0.016779541969299316,0.005363062024116516,0.14599964022636414,-0.06222057342529297,0.16392530500888824,1.0
-0.06354711949825287,0.21040187776088715,-0.018599674105644226,-0.06279616057872772,-0.07397730648517609,0.01479317992925644,0.04763177037239075,-0.23680080473423004,0.01583818718791008,0.005452349781990051,0.1443573236465454,-0.06353305280208588,0.16379500925540924,1.0
-0.06513534486293793,0.20940935611724854,-0.01826857030391693,-0.0629345029592514,-0.07287827134132385,0.017255648970603943,0.04905245453119278,-0.2358124852180481,0.014678321778774261,0.00514298677444458,0.1454014629125595,-0.06578462570905685,0.1639350950717926,1.0
-0.06577911972999573,0.208230122923851,-0.01843760907649994,-0.06302569806575775,-0.07347162812948227,0.017979949712753296,0.0488593727350235,-0.234972283244133,0.014494352042675018,0.004569724202156067,0.14397349953651428,-0.06575295329093933,0.16368646919727325,1.0
-0.06474573910236359,0.21010203659534454,-0.01808832585811615,-0.06304778158664703,-0.07346491515636444,0.015268988907337189,0.048362553119659424,-0.23676884174346924,0.015446435660123825,0.005323946475982666,0.14503857493400574,-0.06439048051834106,0.16400200128555298,1.0
-0.06605318188667297,0.2078770399093628,-0.01783709228038788,-0.06329689919948578,-0.07309501618146896,0.018230848014354706,0.049330323934555054,-0.23468416929244995,0.014784935861825943,0.00432199239730835,0.1444350928068161,-0.06620913743972778,0.1634736806154251,1.0
-0.06522325426340103,0.21030175685882568,-0.017166435718536377,-0.06324660032987595,-0.0727541521191597,0.015842802822589874,0.04872734844684601,-0.2363871932029724,0.015567682683467865,0.004987388849258423,0.14523808658123016,-0.06444769352674484,0.16406935453414917,1.0
-0.0643337219953537,0.21086890995502472,-0.017743393778800964,-0.062309518456459045,-0.07294370979070663,0.01482708752155304,0.04815153777599335,-0.23643095791339874,0.01613735407590866,0.005956172943115234,0.14521068334579468,-0.06414683908224106,0.16433942317962646,1.0
-0.060908254235982895,0.21212948858737946,-0.018139824271202087,-0.06365840137004852,-0.07360509783029556,0.011720120906829834,0.047307029366493225,-0.23928458988666534,0.017719276249408722,0.004076272249221802,0.14643684029579163,-0.061664871871471405,0.16290323436260223,1.0
-0.06402012705802917,0.21148428320884705,-0.0179729163646698,-0.06322760879993439,-0.0737181007862091,0.013208627700805664,0.04777011275291443,-0.2378605604171753,0.016301073133945465,0.005171224474906921,0.14567957818508148,-0.06281629949808121,0.1640819013118744,1.0
-0.06473569571971893,0.21024839580059052,-0.018120601773262024,-0.06284952163696289,-0.07281839847564697,0.01548708975315094,0.048589177429676056,-0.23614569008350372,0.015622187405824661,0.005463510751724243,0.14518815279006958,-0.06417466700077057,0.16387276351451874,1.0
-0.06479848921298981,0.21056240797042847,-0.01807178556919098,-0.061992838978767395,-0.07276798784732819,0.015836790204048157,0.04803010821342468,-0.23597988486289978,0.014781847596168518,0.005528785288333893,0.14418043196201324,-0.06428530812263489,0.16462397575378418,1.0
-0.06365320831537247,0.2111722081899643,-0.017786100506782532,-0.06358271837234497,-0.07298606634140015,0.015384465456008911,0.0484018549323082,-0.2368866354227066,0.01615959033370018,0.005410060286521912,0.14573445916175842,-0.06457465887069702,0.1641123741865158,1.0
-0.06384236365556717,0.2117331326007843,-0.018133938312530518,-0.0622565932571888,-0.07331627607345581,0.014124244451522827,0.04766874760389328,-0.23780184984207153,0.01570015773177147,0.006885439157485962,0.14507387578487396,-0.0637623593211174,0.16509437561035156,1.0
-0.06473569571971893,0.21024839580059052,-0.018120601773262024,-0.06284952163696289,-0.07281839847564697,0.01548708975315094,0.048589177429676056,-0.23614569008350372,0.015622187405824661,0.005463510751724243,0.14518815279006958,-0.06417466700077057,0.16387276351451874,1.0
-0.06336705386638641,0.2124512791633606,-0.0178946852684021,-0.06257486343383789,-0.0737229734659195,0.011881314218044281,0.04725106805562973,-0.23876634240150452,0.01656084507703781,0.005977913737297058,0.14592647552490234,-0.06247887760400772,0.16418123245239258,1.0
-0.06286264955997467,0.21133677661418915,-0.018233641982078552,-0.0629769042134285,-0.0731947124004364,0.014077894389629364,0.0480705164372921,-0.23835718631744385,0.01623353362083435,0.005726084113121033,0.14593592286109924,-0.06377707421779633,0.1640280932188034,1.0
-0.0632876455783844,0.21217042207717896,-0.0182182639837265,-0.06255079805850983,-0.07267402112483978,0.014246493577957153,0.048012882471084595,-0.23749838769435883,0.016016226261854172,0.006273224949836731,0.1456628143787384,-0.06351945549249649,0.16468359529972076,1.0
-0.06190818175673485,0.21395975351333618,-0.017203181982040405,-0.06318751722574234,-0.0728222131729126,0.013366654515266418,0.04681512713432312,-0.2383839339017868,0.016945689916610718,0.006136044859886169,0.1456412672996521,-0.0625080093741417,0.16496232151985168,1.0
-0.0626516193151474,0.2123156487941742,-0.01836352050304413,-0.06252321600914001,-0.07311147451400757,0.014525890350341797,0.04721544682979584,-0.23752076923847198,0.016222789883613586,0.006435804069042206,0.14454713463783264,-0.0633174329996109,0.16467183828353882,1.0
-0.06479518115520477,0.2102864682674408,-0.018223077058792114,-0.062511146068573,-0.07324297726154327,0.015827752649784088,0.048118215054273605,-0.23636476695537567,0.01527596265077591,0.005528174340724945,0.14475734531879425,-0.06467466056346893,0.16446775197982788,1.0
-0.06336705386638641,0.2124512791633606,-0.0178946852684021,-0.06257486343383789,-0.0737229734659195,0.011881314218044281,0.04725106805562973,-0.23876634240150452,0.01656084507703781,0.005977913737297058,0.14592647552490234,-0.06247887760400772,0.16418123245239258,1.0
-0.06182599067687988,0.21435226500034332,-0.01824222505092621,-0.062394749373197556,-0.07378769665956497,0.010876774787902832,0.0462503656744957,-0.239674910902977,0.016744978725910187,0.006561733782291412,0.14521385729312897,-0.06082266569137573,0.16510531306266785,1.0
-0.06420980393886566,0.21161040663719177,-0.018044516444206238,-0.0627700686454773,-0.07336394488811493,0.014315187931060791,0.04818744212388992,-0.23730754852294922,0.015862632542848587,0.006166413426399231,0.14535030722618103,-0.06349901109933853,0.16449710726737976,1.0
-0.06565079092979431,0.21098443865776062,-0.0176708847284317,-0.06374296545982361,-0.07340021431446075,0.014651909470558167,0.048068732023239136,-0.23639816045761108,0.01617373153567314,0.0060169994831085205,0.1455918550491333,-0.06364241987466812,0.16406762599945068,1.0
-0.06352514028549194,0.2109314203262329,-0.018081679940223694,-0.06282582879066467,-0.07337093353271484,0.014382749795913696,0.04805543273687363,-0.23834538459777832,0.015362903475761414,0.0051634907722473145,0.14579732716083527,-0.06405463814735413,0.16442689299583435,1.0
-0.06050301715731621,0.21502317488193512,-0.018287286162376404,-0.061924975365400314,-0.07267418503761292,0.008094988763332367,0.04722908139228821,-0.24174296855926514,0.01730768382549286,0.006236962974071503,0.14797797799110413,-0.06007315218448639,0.1641419678926468,1.0
-0.06544490903615952,0.20927941799163818,-0.01798968017101288,-0.06333288550376892,-0.0731060728430748,0.01755008101463318,0.04827544093132019,-0.235548734664917,0.015013504773378372,0.00523010641336441,0.1439405083656311,-0.0652523785829544,0.1639312505722046,1.0
-0.06290527433156967,0.21244531869888306,-0.018591314554214478,-0.06256318092346191,-0.0729590654373169,0.013916604220867157,0.047001421451568604,-0.2382948249578476,0.014999791979789734,0.006496638059616089,0.14448493719100952,-0.0627436637878418,0.1646774262189865,1.0
-0.06300297379493713,0.21259573101997375,-0.017842933535575867,-0.06232992559671402,-0.07286486774682999,0.01418931782245636,0.04722745716571808,-0.23715636134147644,0.016220420598983765,0.0066726356744766235,0.1447029411792755,-0.06312787532806396,0.16500438749790192,1.0
-0.06292776763439178,0.21203623712062836,-0.018455877900123596,-0.0634370967745781,-0.0733901783823967,0.01269242912530899,0.047604359686374664,-0.23823484778404236,0.016925543546676636,0.0054874420166015625,0.14633695781230927,-0.06262736022472382,0.16372150182724,1.0
-0.06505020707845688,0.20915642380714417,-0.018622756004333496,-0.06238120049238205,-0.07329991459846497,0.016385480761528015,0.04827035963535309,-0.23576860129833221,0.01459646224975586,0.004824347794055939,0.14418143033981323,-0.06483633816242218,0.16389301419258118,1.0
-0.06286264955997467,0.21133677661418915,-0.018233641982078552,-0.0629769042134285,-0.0731947124004364,0.014077894389629364,0.0480705164372921,-0.23835718631744385,0.01623353362083435,0.005726084113121033,0.14593592286109924,-0.06377707421779633,0.1640280932188034,1.0
-0.06313759833574295,0.211619034409523,-0.017819255590438843,-0.06380772590637207,-0.0736197978258133,0.012813560664653778,0.04746466875076294,-0.23885513842105865,0.016779541969299316,0.005363062024116516,0.14599964022636414,-0.06222057342529297,0.16392530500888824,1.0
-0.06354711949825287,0.21040187776088715,-0.018599674105644226,-0.06279616057872772,-0.07397730648517609,0.01479317992925644,0.04763177037239075,-0.23680080473423004,0.01583818718791008,0.005452349781990051,0.1443573236465454,-0.06353305280208588,0.16379500925540924,1.0
-0.06513534486293793,0.20940935611724854,-0.01826857030391693,-0.0629345029592514,-0.07287827134132385,0.017255648970603943,0.04905245453119278,-0.2358124852180481,0.014678321778774261,0.00514298677444458,0.1454014629125595,-0.06578462570905685,0.1639350950717926,1.0
-0.06577911972999573,0.208230122923851,-0.01843760907649994,-0.06302569806575775,-0.07347162812948227,0.017979949712753296,0.0488593727350235,-0.234972283244133,0.014494352042675018,0.004569724202156067,0.14397349953651428,-0.06575295329093933,0.16368646919727325,1.0
-0.06474573910236359,0.21010203659534454,-0.01808832585811615,-0.06304778158664703,-0.07346491515636444,0.015268988907337189,0.048362553119659424,-0.23676884174346924,0.015446435660123825,0.005323946475982666,0.14503857493400574,-0.06439048051834106,0.16400200128555298,1.0
-0.06605318188667297,0.2078770399093628,-0.01783709228038788,-0.06329689919948578,-0.07309501618146896,0.018230848014354706,0.049330323934555054,-0.23468416929244995,0.014784935861825943,0.00432199239730835,0.1444350928068161,-0.06620913743972778,0.1634736806154251,1.0
-0.06522325426340103,0.21030175685882568,-0.017166435718536377,-0.06324660032987595,-0.0727541521191597,0.015842802822589874,0.04872734844684601,-0.2363871932029724,0.015567682683467865,0.004987388849258423,0.14523808658123016,-0.06444769352674484,0.16406935453414917,1.0
-0.0643337219953537,0.21086890995502472,-0.017743393778800964,-0.062309518456459045,-0.07294370979070663,0.01482708752155304,0.04815153777599335,-0.23643095791339874,0.01613735407590866,0.005956172943115234,0.14521068334579468,-0.06414683908224106,0.16433942317962646,1.0
-0.060908254235982895,0.21212948858737946,-0.018139824271202087,-0.06365840137004852,-0.07360509783029556,0.011720120906829834,0.047307029366493225,-0.23928458988666534,0.017719276249408722,0.004076272249221802,0.14643684029579163,-0.061664871871471405,0.16290323436260223,1.0
-0.06402012705802917,0.21148428320884705,-0.0179729163646698,-0.06322760879993439,-0.0737181007862091,0.013208627700805664,0.04777011275291443,-0.2378605604171753,0.016301073133945465,0.005171224474906921,0.14567957818508148,-0.06281629949808121,0.1640819013118744,1.0
-0.0632876455783844,0.21217042207717896,-0.0182182639837265,-0.06255079805850983,-0.07267402112483978,0.014246493577957153,0.048012882471084595,-0.23749838769435883,0.016016226261854172,0.006273224949836731,0.1456628143787384,-0.06351945549249649,0.16468359529972076,1.0
-0.06479848921298981,0.21056240797042847,-0.01807178556919098,-0.061992838978767395,-0.07276798784732819,0.015836790204048157,0.04803010821342468,-0.23597988486289978,0.014781847596168518,0.005528785288333893,0.14418043196201324,-0.06428530812263489,0.16462397575378418,1.0
-0.06365320831537247,0.2111722081899643,-0.017786100506782532,-0.06358271837234497,-0.07298606634140015,0.015384465456008911,0.0484018549323082,-0.2368866354227066,0.01615959033370018,0.005410060286521912,0.14573445916175842,-0.06457465887069702,0.1641123741865158,1.0
-0.06384236365556717,0.2117331326007843,-0.018133938312530518,-0.0622565932571888,-0.07331627607345581,0.014124244451522827,0.04766874760389328,-0.23780184984207153,0.01570015773177147,0.006885439157485962,0.14507387578487396,-0.0637623593211174,0.16509437561035156,1.0
-0.06473569571971893,0.21024839580059052,-0.018120601773262024,-0.06284952163696289,-0.07281839847564697,0.01548708975315094,0.048589177429676056,-0.23614569008350372,0.015622187405824661,0.005463510751724243,0.14518815279006958,-0.06417466700077057,0.16387276351451874,1.0
-0.06336705386638641,0.2124512791633606,-0.0178946852684021,-0.06257486343383789,-0.0737229734659195,0.011881314218044281,0.04725106805562973,-0.23876634240150452,0.01656084507703781,0.005977913737297058,0.14592647552490234,-0.06247887760400772,0.16418123245239258,1.0
-0.06286264955997467,0.21133677661418915,-0.018233641982078552,-0.0629769042134285,-0.0731947124004364,0.014077894389629364,0.0480705164372921,-0.23835718631744385,0.01623353362083435,0.005726084113121033,0.14593592286109924,-0.06377707421779633,0.1640280932188034,1.0
-0.0632876455783844,0.21217042207717896,-0.0182182639837265,-0.06255079805850983,-0.07267402112483978,0.014246493577957153,0.048012882471084595,-0.23749838769435883,0.016016226261854172,0.006273224949836731,0.1456628143787384,-0.06351945549249649,0.16468359529972076,1.0
-0.06190818175673485,0.21395975351333618,-0.017203181982040405,-0.06318751722574234,-0.0728222131729126,0.013366654515266418,0.04681512713432312,-0.2383839339017868,0.016945689916610718,0.006136044859886169,0.1456412672996521,-0.0625080093741417,0.16496232151985168,1.0
-0.0626516193151474,0.2123156487941742,-0.01836352050304413,-0.06252321600914001,-0.07311147451400757,0.014525890350341797,0.04721544682979584,-0.23752076923847198,0.016222789883613586,0.006435804069042206,0.14454713463783264,-0.0633174329996109,0.16467183828353882,1.0
-0.06479518115520477,0.2102864682674408,-0.018223077058792114,-0.062511146068573,-0.07324297726154327,0.015827752649784088,0.048118215054273605,-0.23636476695537567,0.01527596265077591,0.005528174340724945,0.14475734531879425,-0.06467466056346893,0.16446775197982788,1.0
-0.06190818175673485,0.21395975351333618,-0.017203181982040405,-0.06318751722574234,-0.0728222131729126,0.013366654515266418,0.04681512713432312,-0.2383839339017868,0.016945689916610718,0.006136044859886169,0.1456412672996521,-0.0625080093741417,0.16496232151985168,1.0
-0.06182599067687988,0.21435226500034332,-0.01824222505092621,-0.062394749373197556,-0.07378769665956497,0.010876774787902832,0.0462503656744957,-0.239674910902977,0.016744978725910187,0.006561733782291412,0.14521385729312897,-0.06082266569137573,0.16510531306266785,1.0
-0.06420980393886566,0.21161040663719177,-0.018044516444206238,-0.0627700686454773,-0.07336394488811493,0.014315187931060791,0.04818744212388992,-0.23730754852294922,0.015862632542848587,0.006166413426399231,0.14535030722618103,-0.06349901109933853,0.16449710726737976,1.0
-0.06565079092979431,0.21098443865776062,-0.0176708847284317,-0.06374296545982361,-0.07340021431446075,0.014651909470558167,0.048068732023239136,-0.23639816045761108,0.01617373153567314,0.0060169994831085205,0.1455918550491333,-0.06364241987466812,0.16406762599945068,1.0
-0.06352514028549194,0.2109314203262329,-0.018081679940223694,-0.06282582879066467,-0.07337093353271484,0.014382749795913696,0.04805543273687363,-0.23834538459777832,0.015362903475761414,0.0051634907722473145,0.14579732716083527,-0.06405463814735413,0.16442689299583435,1.0
-0.06050301715731621,0.21502317488193512,-0.018287286162376404,-0.061924975365400314,-0.07267418503761292,0.008094988763332367,0.04722908139228821,-0.24174296855926514,0.01730768382549286,0.006236962974071503,0.14797797799110413,-0.06007315218448639,0.1641419678926468,1.0
-0.06544490903615952,0.20927941799163818,-0.01798968017101288,-0.06333288550376892,-0.0731060728430748,0.01755008101463318,0.04827544093132019,-0.235548734664917,0.015013504773378372,0.00523010641336441,0.1439405083656311,-0.0652523785829544,0.1639312505722046,1.0
-0.06290527433156967,0.21244531869888306,-0.018591314554214478,-0.06256318092346191,-0.0729590654373169,0.013916604220867157,0.047001421451568604,-0.2382948249578476,0.014999791979789734,0.006496638059616089,0.14448493719100952,-0.0627436637878418,0.1646774262189865,1.0
-0.06300297379493713,0.21259573101997375,-0.017842933535575867,-0.06232992559671402,-0.07286486774682999,0.01418931782245636,0.04722745716571808,-0.23715636134147644,0.016220420598983765,0.0066726356744766235,0.1447029411792755,-0.06312787532806396,0.16500438749790192,1.0
-0.06292776763439178,0.21203623712062836,-0.018455877900123596,-0.0634370967745781,-0.0733901783823967,0.01269242912530899,0.047604359686374664,-0.23823484778404236,0.016925543546676636,0.0054874420166015625,0.14633695781230927,-0.06262736022472382,0.16372150182724,1.0
-0.06505020707845688,0.20915642380714417,-0.018622756004333496,-0.06238120049238205,-0.07329991459846497,0.016385480761528015,0.04827035963535309,-0.23576860129833221,0.01459646224975586,0.004824347794055939,0.14418143033981323,-0.06483633816242218,0.16389301419258118,1.0
-0.0626516193151474,0.2123156487941742,-0.01836352050304413,-0.06252321600914001,-0.07311147451400757,0.014525890350341797,0.04721544682979584,-0.23752076923847198,0.016222789883613586,0.006435804069042206,0.14454713463783264,-0.0633174329996109,0.16467183828353882,1.0
-0.06313759833574295,0.211619034409523,-0.017819255590438843,-0.06380772590637207,-0.0736197978258133,0.012813560664653778,0.04746466875076294,-0.23885513842105865,0.016779541969299316,0.005363062024116516,0.14599964022636414,-0.06222057342529297,0.16392530500888824,1.0
-0.06354711949825287,0.21040187776088715,-0.018599674105644226,-0.06279616057872772,-0.07397730648517609,0.01479317992925644,0.04763177037239075,-0.23680080473423004,0.01583818718791008,0.005452349781990051,0.1443573236465454,-0.06353305280208588,0.16379500925540924,1.0
-0.06513534486293793,0.20940935611724854,-0.01826857030391693,-0.0629345029592514,-0.07287827134132385,0.017255648970603943,0.04905245453119278,-0.2358124852180481,0.014678321778774261,0.00514298677444458,0.1454014629125595,-0.06578462570905685,0.1639350950717926,1.0
-0.06577911972999573,0.208230122923851,-0.01843760907649994,-0.06302569806575775,-0.07347162812948227,0.017979949712753296,0.0488593727350235,-0.234972283244133,0.014494352042675018,0.004569724202156067,0.14397349953651428,-0.06575295329093933,0.16368646919727325,1.0
-0.06474573910236359,0.21010203659534454,-0.01808832585811615,-0.06304778158664703,-0.07346491515636444,0.015268988907337189,0.048362553119659424,-0.23676884174346924,0.015446435660123825,0.005323946475982666,0.14503857493400574,-0.06439048051834106,0.16400200128555298,1.0
-0.06605318188667297,0.2078770399093628,-0.01783709228038788,-0.06329689919948578,-0.07309501618146896,0.018230848014354706,0.049330323934555054,-0.23468416929244995,0.014784935861825943,0.00432199239730835,0.1444350928068161,-0.06620913743972778,0.1634736806154251,1.0
-0.06522325426340103,0.21030175685882568,-0.017166435718536377,-0.06324660032987595,-0.0727541521191597,0.015842802822589874,0.04872734844684601,-0.2363871932029724,0.015567682683467865,0.004987388849258423,0.14523808658123016,-0.06444769352674484,0.16406935453414917,1.0
-0.0643337219953537,0.21086890995502472,-0.017743393778800964,-0.062309518456459045,-0.07294370979070663,0.01482708752155304,0.04815153777599335,-0.23643095791339874,0.01613735407590866,0.005956172943115234,0.14521068334579468,-0.06414683908224106,0.16433942317962646,1.0
-0.060908254235982895,0.21212948858737946,-0.018139824271202087,-0.06365840137004852,-0.07360509783029556,0.011720120906829834,0.047307029366493225,-0.23928458988666534,0.017719276249408722,0.004076272249221802,0.14643684029579163,-0.061664871871471405,0.16290323436260223,1.0
-0.06402012705802917,0.21148428320884705,-0.0179729163646698,-0.06322760879993439,-0.0737181007862091,0.013208627700805664,0.04777011275291443,-0.2378605604171753,0.016301073133945465,0.005171224474906921,0.14567957818508148,-0.06281629949808121,0.1640819013118744,1.0
-0.06479518115520477,0.2102864682674408,-0.018223077058792114,-0.062511146068573,-0.07324297726154327,0.015827752649784088,0.048118215054273605,-0.23636476695537567,0.01527596265077591,0.005528174340724945,0.14475734531879425,-0.06467466056346893,0.16446775197982788,1.0
-0.06479848921298981,0.21056240797042847,-0.01807178556919098,-0.061992838978767395,-0.07276798784732819,0.015836790204048157,0.04803010821342468,-0.23597988486289978,0.014781847596168518,0.005528785288333893,0.14418043196201324,-0.06428530812263489,0.16462397575378418,1.0
-0.06365320831537247,0.2111722081899643,-0.017786100506782532,-0.06358271837234497,-0.07298606634140015,0.015384465456008911,0.0484018549323082,-0.2368866354227066,0.01615959033370018,0.005410060286521912,0.14573445916175842,-0.06457465887069702,0.1641123741865158,1.0
-0.06384236365556717,0.2117331326007843,-0.018133938312530518,-0.0622565932571888,-0.07331627607345581,0.014124244451522827,0.04766874760389328,-0.23780184984207153,0.01570015773177147,0.006885439157485962,0.14507387578487396,-0.0637623593211174,0.16509437561035156,1.0
-0.06473569571971893,0.21024839580059052,-0.018120601773262024,-0.06284952163696289,-0.07281839847564697,0.01548708975315094,0.048589177429676056,-0.23614569008350372,0.015622187405824661,0.005463510751724243,0.14518815279006958,-0.06417466700077057,0.16387276351451874,1.0
-0.06336705386638641,0.2124512791633606,-0.0178946852684021,-0.06257486343383789,-0.0737229734659195,0.011881314218044281,0.04725106805562973,-0.23876634240150452,0.01656084507703781,0.005977913737297058,0.14592647552490234,-0.06247887760400772,0.16418123245239258,1.0
-0.06286264955997467,0.21133677661418915,-0.018233641982078552,-0.0629769042134285,-0.0731947124004364,0.014077894389629364,0.0480705164372921,-0.23835718631744385,0.01623353362083435,0.005726084113121033,0.14593592286109924,-0.06377707421779633,0.1640280932188034,1.0
-0.0632876455783844,0.21217042207717896,-0.0182182639837265,-0.06255079805850983,-0.07267402112483978,0.014246493577957153,0.048012882471084595,-0.23749838769435883,0.016016226261854172,0.006273224949836731,0.1456628143787384,-0.06351945549249649,0.16468359529972076,1.0
-0.06190818175673485,0.21395975351333618,-0.017203181982040405,-0.06318751722574234,-0.0728222131729126,0.013366654515266418,0.04681512713432312,-0.2383839339017868,0.016945689916610718,0.006136044859886169,0.1456412672996521,-0.0625080093741417,0.16496232151985168,1.0
-0.0626516193151474,0.2123156487941742,-0.01836352050304413,-0.06252321600914001,-0.07311147451400757,0.014525890350341797,0.04721544682979584,-0.23752076923847198,0.016222789883613586,0.006435804069042206,0.14454713463783264,-0.0633174329996109,0.16467183828353882,1.0
-0.06479518115520477,0.2102864682674408,-0.018223077058792114,-0.062511146068573,-0.07324297726154327,0.015827752649784088,0.048118215054273605,-0.23636476695537567,0.01527596265077591,0.005528174340724945,0.14475734531879425,-0.06467466056346893,0.16446775197982788,1.0
-0.06513534486293793,0.20940935611724854,-0.01826857030391693,-0.0629345029592514,-0.07287827134132385,0.017255648970603943,0.04905245453119278,-0.2358124852180481,0.014678321778774261,0.00514298677444458,0.1454014629125595,-0.06578462570905685,0.1639350950717926,1.0
-0.06182599067687988,0.21435226500034332,-0.01824222505092621,-0.062394749373197556,-0.07378769665956497,0.010876774787902832,0.0462503656744957,-0.239674910902977,0.016744978725910187,0.006561733782291412,0.14521385729312897,-0.06082266569137573,0.16510531306266785,1.0
-0.06182599067687988,0.21435226500034332,-0.01824222505092621,-0.062394749373197556,-0.07378769665956497,0.010876774787902832,0.0462503656744957,-0.239674910902977,0.016744978725910187,0.006561733782291412,0.14521385729312897,-0.06082266569137573,0.16510531306266785,1.0
-0.06420980393886566,0.21161040663719177,-0.018044516444206238,-0.0627700686454773,-0.07336394488811493,0.014315187931060791,0.04818744212388992,-0.23730754852294922,0.015862632542848587,0.006166413426399231,0.14535030722618103,-0.06349901109933853,0.16449710726737976,1.0
-0.06565079092979431,0.21098443865776062,-0.0176708847284317,-0.06374296545982361,-0.07340021431446075,0.014651909470558167,0.048068732023239136,-0.23639816045761108,0.01617373153567314,0.0060169994831085205,0.1455918550491333,-0.06364241987466812,0.16406762599945068,1.0
-0.06352514028549194,0.2109314203262329,-0.018081679940223694,-0.06282582879066467,-0.07337093353271484,0.014382749795913696,0.04805543273687363,-0.23834538459777832,0.015362903475761414,0.0051634907722473145,0.14579732716083527,-0.06405463814735413,0.16442689299583435,1.0
-0.06050301715731621,0.21502317488193512,-0.018287286162376404,-0.061924975365400314,-0.07267418503761292,0.008094988763332367,0.04722908139228821,-0.24174296855926514,0.01730768382549286,0.006236962974071503,0.14797797799110413,-0.06007315218448639,0.1641419678926468,1.0
-0.06544490903615952,0.20927941799163818,-0.01798968017101288,-0.06333288550376892,-0.0731060728430748,0.01755008101463318,0.04827544093132019,-0.235548734664917,0.015013504773378372,0.00523010641336441,0.1439405083656311,-0.0652523785829544,0.1639312505722046,1.0
-0.06290527433156967,0.21244531869888306,-0.018591314554214478,-0.06256318092346191,-0.0729590654373169,0.013916604220867157,0.047001421451568604,-0.2382948249578476,0.014999791979789734,0.006496638059616089,0.14448493719100952,-0.0627436637878418,0.1646774262189865,1.0
-0.06300297379493713,0.21259573101997375,-0.017842933535575867,-0.06232992559671402,-0.07286486774682999,0.01418931782245636,0.04722745716571808,-0.23715636134147644,0.016220420598983765,0.0066726356744766235,0.1447029411792755,-0.06312787532806396,0.16500438749790192,1.0
-0.06292776763439178,0.21203623712062836,-0.018455877900123596,-0.0634370967745781,-0.0733901783823967,0.01269242912530899,0.047604359686374664,-0.23823484778404236,0.016925543546676636,0.0054874420166015625,0.14633695781230927,-0.06262736022472382,0.16372150182724,1.0
-0.06505020707845688,0.20915642380714417,-0.018622756004333496,-0.06238120049238205,-0.07329991459846497,0.016385480761528015,0.04827035963535309,-0.23576860129833221,0.01459646224975586,0.004824347794055939,0.14418143033981323,-0.06483633816242218,0.16389301419258118,1.0
-0.06420980393886566,0.21161040663719177,-0.018044516444206238,-0.0627700686454773,-0.07336394488811493,0.014315187931060791,0.04818744212388992,-0.23730754852294922,0.015862632542848587,0.006166413426399231,0.14535030722618103,-0.06349901109933853,0.16449710726737976,1.0
-0.06313759833574295,0.211619034409523,-0.017819255590438843,-0.06380772590637207,-0.0736197978258133,0.012813560664653778,0.04746466875076294,-0.23885513842105865,0.016779541969299316,0.005363062024116516,0.14599964022636414,-0.06222057342529297,0.16392530500888824,1.0
-0.06354711949825287,0.21040187776088715,-0.018599674105644226,-0.06279616057872772,-0.07397730648517609,0.01479317992925644,0.04763177037239075,-0.23680080473423004,0.01583818718791008,0.005452349781990051,0.1443573236465454,-0.06353305280208588,0.16379500925540924,1.0
-0.06513534486293793,0.20940935611724854,-0.01826857030391693,-0.0629345029592514,-0.07287827134132385,0.017255648970603943,0.04905245453119278,-0.2358124852180481,0.014678321778774261,0.00514298677444458,0.1454014629125595,-0.06578462570905685,0.1639350950717926,1.0
-0.06577911972999573,0.208230122923851,-0.01843760907649994,-0.06302569806575775,-0.07347162812948227,0.017979949712753296,0.0488593727350235,-0.234972283244133,0.014494352042675018,0.004569724202156067,0.14397349953651428,-0.06575295329093933,0.16368646919727325,1.0
-0.06474573910236359,0.21010203659534454,-0.01808832585811615,-0.06304778158664703,-0.07346491515636444,0.015268988907337189,0.048362553119659424,-0.23676884174346924,0.015446435660123825,0.005323946475982666,0.14503857493400574,-0.06439048051834106,0.16400200128555298,1.0
-0.06522325426340103,0.21030175685882568,-0.017166435718536377,-0.06324660032987595,-0.0727541521191597,0.015842802822589874,0.04872734844684601,-0.2363871932029724,0.015567682683467865,0.004987388849258423,0.14523808658123016,-0.06444769352674484,0.16406935453414917,1.0
-0.0643337219953537,0.21086890995502472,-0.017743393778800964,-0.062309518456459045,-0.07294370979070663,0.01482708752155304,0.04815153777599335,-0.23643095791339874,0.01613735407590866,0.005956172943115234,0.14521068334579468,-0.06414683908224106,0.16433942317962646,1.0
-0.060908254235982895,0.21212948858737946,-0.018139824271202087,-0.06365840137004852,-0.07360509783029556,0.011720120906829834,0.047307029366493225,-0.23928458988666534,0.017719276249408722,0.004076272249221802,0.14643684029579163,-0.061664871871471405,0.16290323436260223,1.0
-0.06402012705802917,0.21148428320884705,-0.0179729163646698,-0.06322760879993439,-0.0737181007862091,0.013208627700805664,0.04777011275291443,-0.2378605604171753,0.016301073133945465,0.005171224474906921,0.14567957818508148,-0.06281629949808121,0.1640819013118744,1.0
-0.06565079092979431,0.21098443865776062,-0.0176708847284317,-0.06374296545982361,-0.07340021431446075,0.014651909470558167,0.048068732023239136,-0.23639816045761108,0.01617373153567314,0.0060169994831085205,0.1455918550491333,-0.06364241987466812,0.16406762599945068,1.0
-0.06479848921298981,0.21056240797042847,-0.01807178556919098,-0.061992838978767395,-0.07276798784732819,0.015836790204048157,0.04803010821342468,-0.23597988486289978,0.014781847596168518,0.005528785288333893,0.14418043196201324,-0.06428530812263489,0.16462397575378418,1.0
-0.06365320831537247,0.2111722081899643,-0.017786100506782532,-0.06358271837234497,-0.07298606634140015,0.015384465456008911,0.0484018549323082,-0.2368866354227066,0.01615959033370018,0.005410060286521912,0.14573445916175842,-0.06457465887069702,0.1641123741865158,1.0
-0.06384236365556717,0.2117331326007843,-0.018133938312530518,-0.0622565932571888,-0.07331627607345581,0.014124244451522827,0.04766874760389328,-0.23780184984207153,0.01570015773177147,0.006885439157485962,0.14507387578487396,-0.0637623593211174,0.16509437561035156,1.0
-0.06473569571971893,0.21024839580059052,-0.018120601773262024,-0.06284952163696289,-0.07281839847564697,0.01548708975315094,0.048589177429676056,-0.23614569008350372,0.015622187405824661,0.005463510751724243,0.14518815279006958,-0.06417466700077057,0.16387276351451874,1.0
-0.06336705386638641,0.2124512791633606,-0.0178946852684021,-0.06257486343383789,-0.0737229734659195,0.011881314218044281,0.04725106805562973,-0.23876634240150452,0.01656084507703781,0.005977913737297058,0.14592647552490234,-0.06247887760400772,0.16418123245239258,1.0
-0.06286264955997467,0.21133677661418915,-0.018233641982078552,-0.0629769042134285,-0.0731947124004364,0.014077894389629364,0.0480705164372921,-0.23835718631744385,0.01623353362083435,0.005726084113121033,0.14593592286109924,-0.06377707421779633,0.1640280932188034,1.0
-0.0632876455783844,0.21217042207717896,-0.0182182639837265,-0.06255079805850983,-0.07267402112483978,0.014246493577957153,0.048012882471084595,-0.23749838769435883,0.016016226261854172,0.006273224949836731,0.1456628143787384,-0.06351945549249649,0.16468359529972076,1.0
-0.06190818175673485,0.21395975351333618,-0.017203181982040405,-0.06318751722574234,-0.0728222131729126,0.013366654515266418,0.04681512713432312,-0.2383839339017868,0.016945689916610718,0.006136044859886169,0.1456412672996521,-0.0625080093741417,0.16496232151985168,1.0
-0.0626516193151474,0.2123156487941742,-0.01836352050304413,-0.06252321600914001,-0.07311147451400757,0.014525890350341797,0.04721544682979584,-0.23752076923847198,0.016222789883613586,0.006435804069042206,0.14454713463783264,-0.0633174329996109,0.16467183828353882,1.0
-0.06479518115520477,0.2102864682674408,-0.018223077058792114,-0.062511146068573,-0.07324297726154327,0.015827752649784088,0.048118215054273605,-0.23636476695537567,0.01527596265077591,0.005528174340724945,0.14475734531879425,-0.06467466056346893,0.16446775197982788,1.0
-0.06352514028549194,0.2109314203262329,-0.018081679940223694,-0.06282582879066467,-0.07337093353271484,0.014382749795913696,0.04805543273687363,-0.23834538459777832,0.015362903475761414,0.0051634907722473145,0.14579732716083527,-0.06405463814735413,0.16442689299583435,1.0
-0.06182599067687988,0.21435226500034332,-0.01824222505092621,-0.062394749373197556,-0.07378769665956497,0.010876774787902832,0.0462503656744957,-0.239674910902977,0.016744978725910187,0.006561733782291412,0.14521385729312897,-0.06082266569137573,0.16510531306266785,1.0
-0.06420980393886566,0.21161040663719177,-0.018044516444206238,-0.0627700686454773,-0.07336394488811493,0.014315187931060791,0.04818744212388992,-0.23730754852294922,0.015862632542848587,0.006166413426399231,0.14535030722618103,-0.06349901109933853,0.16449710726737976,1.0
-0.06565079092979431,0.21098443865776062,-0.0176708847284317,-0.06374296545982361,-0.07340021431446075,0.014651909470558167,0.048068732023239136,-0.23639816045761108,0.01617373153567314,0.0060169994831085205,0.1455918550491333,-0.06364241987466812,0.16406762599945068,1.0
-0.06352514028549194,0.2109314203262329,-0.018081679940223694,-0.06282582879066467,-0.07337093353271484,0.014382749795913696,0.04805543273687363,-0.23834538459777832,0.015362903475761414,0.0051634907722473145,0.14579732716083527,-0.06405463814735413,0.16442689299583435,1.0
-0.06050301715731621,0.21502317488193512,-0.018287286162376404,-0.061924975365400314,-0.07267418503761292,0.008094988763332367,0.04722908139228821,-0.24174296855926514,0.01730768382549286,0.006236962974071503,0.14797797799110413,-0.06007315218448639,0.1641419678926468,1.0
-0.06544490903615952,0.20927941799163818,-0.01798968017101288,-0.06333288550376892,-0.0731060728430748,0.01755008101463318,0.04827544093132019,-0.235548734664917,0.015013504773378372,0.00523010641336441,0.1439405083656311,-0.0652523785829544,0.1639312505722046,1.0
-0.06290527433156967,0.21244531869888306,-0.018591314554214478,-0.06256318092346191,-0.0729590654373169,0.013916604220867157,0.047001421451568604,-0.2382948249578476,0.014999791979789734,0.006496638059616089,0.14448493719100952,-0.0627436637878418,0.1646774262189865,1.0
-0.06300297379493713,0.21259573101997375,-0.017842933535575867,-0.06232992559671402,-0.07286486774682999,0.01418931782245636,0.04722745716571808,-0.23715636134147644,0.016220420598983765,0.0066726356744766235,0.1447029411792755,-0.06312787532806396,0.16500438749790192,1.0
-0.06292776763439178,0.21203623712062836,-0.018455877900123596,-0.0634370967745781,-0.0733901783823967,0.01269242912530899,0.047604359686374664,-0.23823484778404236,0.016925543546676636,0.0054874420166015625,0.14633695781230927,-0.06262736022472382,0.16372150182724,1.0
-0.06505020707845688,0.20915642380714417,-0.018622756004333496,-0.06238120049238205,-0.07329991459846497,0.016385480761528015,0.04827035963535309,-0.23576860129833221,0.01459646224975586,0.004824347794055939,0.14418143033981323,-0.06483633816242218,0.16389301419258118,1.0
-0.06050301715731621,0.21502317488193512,-0.018287286162376404,-0.061924975365400314,-0.07267418503761292,0.008094988763332367,0.04722908139228821,-0.24174296855926514,0.01730768382549286,0.006236962974071503,0.14797797799110413,-0.06007315218448639,0.1641419678926468,1.0
-0.06313759833574295,0.211619034409523,-0.017819255590438843,-0.06380772590637207,-0.0736197978258133,0.012813560664653778,0.04746466875076294,-0.23885513842105865,0.016779541969299316,0.005363062024116516,0.14599964022636414,-0.06222057342529297,0.16392530500888824,1.0
-0.06544490903615952,0.20927941799163818,-0.01798968017101288,-0.06333288550376892,-0.0731060728430748,0.01755008101463318,0.04827544093132019,-0.235548734664917,0.015013504773378372,0.00523010641336441,0.1439405083656311,-0.0652523785829544,0.1639312505722046,1.0
-0.06290527433156967,0.21244531869888306,-0.018591314554214478,-0.06256318092346191,-0.0729590654373169,0.013916604220867157,0.047001421451568604,-0.2382948249578476,0.014999791979789734,0.006496638059616089,0.14448493719100952,-0.0627436637878418,0.1646774262189865,1.0
-0.06300297379493713,0.21259573101997375,-0.017842933535575867,-0.06232992559671402,-0.07286486774682999,0.01418931782245636,0.04722745716571808,-0.23715636134147644,0.016220420598983765,0.0066726356744766235,0.1447029411792755,-0.06312787532806396,0.16500438749790192,1.0
-0.06292776763439178,0.21203623712062836,-0.018455877900123596,-0.0634370967745781,-0.0733901783823967,0.01269242912530899,0.047604359686374664,-0.23823484778404236,0.016925543546676636,0.0054874420166015625,0.14633695781230927,-0.06262736022472382,0.16372150182724,1.0
-0.06505020707845688,0.20915642380714417,-0.018622756004333496,-0.06238120049238205,-0.07329991459846497,0.016385480761528015,0.04827035963535309,-0.23576860129833221,0.01459646224975586,0.004824347794055939,0.14418143033981323,-0.06483633816242218,0.16389301419258118,1.0
-0.06577911972999573,0.208230122923851,-0.01843760907649994,-0.06302569806575775,-0.07347162812948227,0.017979949712753296,0.0488593727350235,-0.234972283244133,0.014494352042675018,0.004569724202156067,0.14397349953651428,-0.06575295329093933,0.16368646919727325,1.0
-0.06313759833574295,0.211619034409523,-0.017819255590438843,-0.06380772590637207,-0.0736197978258133,0.012813560664653778,0.04746466875076294,-0.23885513842105865,0.016779541969299316,0.005363062024116516,0.14599964022636414,-0.06222057342529297,0.16392530500888824,1.0
-0.06354711949825287,0.21040187776088715,-0.018599674105644226,-0.06279616057872772,-0.07397730648517609,0.01479317992925644,0.04763177037239075,-0.23680080473423004,0.01583818718791008,0.005452349781990051,0.1443573236465454,-0.06353305280208588,0.16379500925540924,1.0
-0.06513534486293793,0.20940935611724854,-0.01826857030391693,-0.0629345029592514,-0.07287827134132385,0.017255648970603943,0.04905245453119278,-0.2358124852180481,0.014678321778774261,0.00514298677444458,0.1454014629125595,-0.06578462570905685,0.1639350950717926,1.0
-0.06577911972999573,0.208230122923851,-0.01843760907649994,-0.06302569806575775,-0.07347162812948227,0.017979949712753296,0.0488593727350235,-0.234972283244133,0.014494352042675018,0.004569724202156067,0.14397349953651428,-0.06575295329093933,0.16368646919727325,1.0
-0.06474573910236359,0.21010203659534454,-0.01808832585811615,-0.06304778158664703,-0.07346491515636444,0.015268988907337189,0.048362553119659424,-0.23676884174346924,0.015446435660123825,0.005323946475982666,0.14503857493400574,-0.06439048051834106,0.16400200128555298,1.0
-0.06605318188667297,0.2078770399093628,-0.01783709228038788,-0.06329689919948578,-0.07309501618146896,0.018230848014354706,0.049330323934555054,-0.23468416929244995,0.014784935861825943,0.00432199239730835,0.1444350928068161,-0.06620913743972778,0.1634736806154251,1.0
-0.06522325426340103,0.21030175685882568,-0.017166435718536377,-0.06324660032987595,-0.0727541521191597,0.015842802822589874,0.04872734844684601,-0.2363871932029724,0.015567682683467865,0.004987388849258423,0.14523808658123016,-0.06444769352674484,0.16406935453414917,1.0
-0.0643337219953537,0.21086890995502472,-0.017743393778800964,-0.062309518456459045,-0.07294370979070663,0.01482708752155304,0.04815153777599335,-0.23643095791339874,0.01613735407590866,0.005956172943115234,0.14521068334579468,-0.06414683908224106,0.16433942317962646,1.0
-0.060908254235982895,0.21212948858737946,-0.018139824271202087,-0.06365840137004852,-0.07360509783029556,0.011720120906829834,0.047307029366493225,-0.23928458988666534,0.017719276249408722,0.004076272249221802,0.14643684029579163,-0.061664871871471405,0.16290323436260223,1.0
-0.06402012705802917,0.21148428320884705,-0.0179729163646698,-0.06322760879993439,-0.0737181007862091,0.013208627700805664,0.04777011275291443,-0.2378605604171753,0.016301073133945465,0.005171224474906921,0.14567957818508148,-0.06281629949808121,0.1640819013118744,1.0
-0.06474573910236359,0.21010203659534454,-0.01808832585811615,-0.06304778158664703,-0.07346491515636444,0.015268988907337189,0.048362553119659424,-0.23676884174346924,0.015446435660123825,0.005323946475982666,0.14503857493400574,-0.06439048051834106,0.16400200128555298,1.0
-0.06479848921298981,0.21056240797042847,-0.01807178556919098,-0.061992838978767395,-0.07276798784732819,0.015836790204048157,0.04803010821342468,-0.23597988486289978,0.014781847596168518,0.005528785288333893,0.14418043196201324,-0.06428530812263489,0.16462397575378418,1.0
-0.06365320831537247,0.2111722081899643,-0.017786100506782532,-0.06358271837234497,-0.07298606634140015,0.015384465456008911,0.0484018549323082,-0.2368866354227066,0.01615959033370018,0.005410060286521912,0.14573445916175842,-0.06457465887069702,0.1641123741865158,1.0
-0.06384236365556717,0.2117331326007843,-0.018133938312530518,-0.0622565932571888,-0.07331627607345581,0.014124244451522827,0.04766874760389328,-0.23780184984207153,0.01570015773177147,0.006885439157485962,0.14507387578487396,-0.0637623593211174,0.16509437561035156,1.0
-0.06473569571971893,0.21024839580059052,-0.018120601773262024,-0.06284952163696289,-0.07281839847564697,0.01548708975315094,0.048589177429676056,-0.23614569008350372,0.015622187405824661,0.005463510751724243,0.14518815279006958,-0.06417466700077057,0.16387276351451874,1.0
-0.06336705386638641,0.2124512791633606,-0.0178946852684021,-0.06257486343383789,-0.0737229734659195,0.011881314218044281,0.04725106805562973,-0.23876634240150452,0.01656084507703781,0.005977913737297058,0.14592647552490234,-0.06247887760400772,0.16418123245239258,1.0
-0.06286264955997467,0.21133677661418915,-0.018233641982078552,-0.0629769042134285,-0.0731947124004364,0.014077894389629364,0.0480705164372921,-0.23835718631744385,0.01623353362083435,0.005726084113121033,0.14593592286109924,-0.06377707421779633,0.1640280932188034,1.0
-0.0632876455783844,0.21217042207717896,-0.0182182639837265,-0.06255079805850983,-0.07267402112483978,0.014246493577957153,0.048012882471084595,-0.23749838769435883,0.016016226261854172,0.006273224949836731,0.1456628143787384,-0.06351945549249649,0.16468359529972076,1.0
-0.06190818175673485,0.21395975351333618,-0.017203181982040405,-0.06318751722574234,-0.0728222131729126,0.013366654515266418,0.04681512713432312,-0.2383839339017868,0.016945689916610718,0.006136044859886169,0.1456412672996521,-0.0625080093741417,0.16496232151985168,1.0
-0.0626516193151474,0.2123156487941742,-0.01836352050304413,-0.06252321600914001,-0.07311147451400757,0.014525890350341797,0.04721544682979584,-0.23752076923847198,0.016222789883613586,0.006435804069042206,0.14454713463783264,-0.0633174329996109,0.16467183828353882,1.0
-0.06479518115520477,0.2102864682674408,-0.018223077058792114,-0.062511146068573,-0.07324297726154327,0.015827752649784088,0.048118215054273605,-0.23636476695537567,0.01527596265077591,0.005528174340724945,0.14475734531879425,-0.06467466056346893,0.16446775197982788,1.0
-0.06605318188667297,0.2078770399093628,-0.01783709228038788,-0.06329689919948578,-0.07309501618146896,0.018230848014354706,0.049330323934555054,-0.23468416929244995,0.014784935861825943,0.00432199239730835,0.1444350928068161,-0.06620913743972778,0.1634736806154251,1.0
-0.06182599067687988,0.21435226500034332,-0.01824222505092621,-0.062394749373197556,-0.07378769665956497,0.010876774787902832,0.0462503656744957,-0.239674910902977,0.016744978725910187,0.006561733782291412,0.14521385729312897,-0.06082266569137573,0.16510531306266785,1.0
-0.06420980393886566,0.21161040663719177,-0.018044516444206238,-0.0627700686454773,-0.07336394488811493,0.014315187931060791,0.04818744212388992,-0.23730754852294922,0.015862632542848587,0.006166413426399231,0.14535030722618103,-0.06349901109933853,0.16449710726737976,1.0
-0.06565079092979431,0.21098443865776062,-0.0176708847284317,-0.06374296545982361,-0.07340021431446075,0.014651909470558167,0.048068732023239136,-0.23639816045761108,0.01617373153567314,0.0060169994831085205,0.1455918550491333,-0.06364241987466812,0.16406762599945068,1.0
-0.06352514028549194,0.2109314203262329,-0.018081679940223694,-0.06282582879066467,-0.07337093353271484,0.014382749795913696,0.04805543273687363,-0.23834538459777832,0.015362903475761414,0.0051634907722473145,0.14579732716083527,-0.06405463814735413,0.16442689299583435,1.0
-0.06050301715731621,0.21502317488193512,-0.018287286162376404,-0.061924975365400314,-0.07267418503761292,0.008094988763332367,0.04722908139228821,-0.24174296855926514,0.01730768382549286,0.006236962974071503,0.14797797799110413,-0.06007315218448639,0.1641419678926468,1.0
-0.06544490903615952,0.20927941799163818,-0.01798968017101288,-0.06333288550376892,-0.0731060728430748,0.01755008101463318,0.04827544093132019,-0.235548734664917,0.015013504773378372,0.00523010641336441,0.1439405083656311,-0.0652523785829544,0.1639312505722046,1.0
-0.06290527433156967,0.21244531869888306,-0.018591314554214478,-0.06256318092346191,-0.0729590654373169,0.013916604220867157,0.047001421451568604,-0.2382948249578476,0.014999791979789734,0.006496638059616089,0.14448493719100952,-0.0627436637878418,0.1646774262189865,1.0
-0.06300297379493713,0.21259573101997375,-0.017842933535575867,-0.06232992559671402,-0.07286486774682999,0.01418931782245636,0.04722745716571808,-0.23715636134147644,0.016220420598983765,0.0066726356744766235,0.1447029411792755,-0.06312787532806396,0.16500438749790192,1.0
-0.06292776763439178,0.21203623712062836,-0.018455877900123596,-0.0634370967745781,-0.0733901783823967,0.01269242912530899,0.047604359686374664,-0.23823484778404236,0.016925543546676636,0.0054874420166015625,0.14633695781230927,-0.06262736022472382,0.16372150182724,1.0
-0.06505020707845688,0.20915642380714417,-0.018622756004333496,-0.06238120049238205,-0.07329991459846497,0.016385480761528015,0.04827035963535309,-0.23576860129833221,0.01459646224975586,0.004824347794055939,0.14418143033981323,-0.06483633816242218,0.16389301419258118,1.0
-0.06522325426340103,0.21030175685882568,-0.017166435718536377,-0.06324660032987595,-0.0727541521191597,0.015842802822589874,0.04872734844684601,-0.2363871932029724,0.015567682683467865,0.004987388849258423,0.14523808658123016,-0.06444769352674484,0.16406935453414917,1.0
-0.06313759833574295,0.211619034409523,-0.017819255590438843,-0.06380772590637207,-0.0736197978258133,0.012813560664653778,0.04746466875076294,-0.23885513842105865,0.016779541969299316,0.005363062024116516,0.14599964022636414,-0.06222057342529297,0.16392530500888824,1.0
-0.06354711949825287,0.21040187776088715,-0.018599674105644226,-0.06279616057872772,-0.07397730648517609,0.01479317992925644,0.04763177037239075,-0.23680080473423004,0.01583818718791008,0.005452349781990051,0.1443573236465454,-0.06353305280208588,0.16379500925540924,1.0
-0.06513534486293793,0.20940935611724854,-0.01826857030391693,-0.0629345029592514,-0.07287827134132385,0.017255648970603943,0.04905245453119278,-0.2358124852180481,0.014678321778774261,0.00514298677444458,0.1454014629125595,-0.06578462570905685,0.1639350950717926,1.0
-0.06577911972999573,0.208230122923851,-0.01843760907649994,-0.06302569806575775,-0.07347162812948227,0.017979949712753296,0.0488593727350235,-0.234972283244133,0.014494352042675018,0.004569724202156067,0.14397349953651428,-0.06575295329093933,0.16368646919727325,1.0
-0.06474573910236359,0.21010203659534454,-0.01808832585811615,-0.06304778158664703,-0.07346491515636444,0.015268988907337189,0.048362553119659424,-0.23676884174346924,0.015446435660123825,0.005323946475982666,0.14503857493400574,-0.06439048051834106,0.16400200128555298,1.0
-0.06605318188667297,0.2078770399093628,-0.01783709228038788,-0.06329689919948578,-0.07309501618146896,0.018230848014354706,0.049330323934555054,-0.23468416929244995,0.014784935861825943,0.00432199239730835,0.1444350928068161,-0.06620913743972778,0.1634736806154251,1.0
-0.06522325426340103,0.21030175685882568,-0.017166435718536377,-0.06324660032987595,-0.0727541521191597,0.015842802822589874,0.04872734844684601,-0.2363871932029724,0.015567682683467865,0.004987388849258423,0.14523808658123016,-0.06444769352674484,0.16406935453414917,1.0
-0.0643337219953537,0.21086890995502472,-0.017743393778800964,-0.062309518456459045,-0.07294370979070663,0.01482708752155304,0.04815153777599335,-0.23643095791339874,0.01613735407590866,0.005956172943115234,0.14521068334579468,-0.06414683908224106,0.16433942317962646,1.0
-0.060908254235982895,0.21212948858737946,-0.018139824271202087,-0.06365840137004852,-0.07360509783029556,0.011720120906829834,0.047307029366493225,-0.23928458988666534,0.017719276249408722,0.004076272249221802,0.14643684029579163,-0.061664871871471405,0.16290323436260223,1.0
-0.06402012705802917,0.21148428320884705,-0.0179729163646698,-0.06322760879993439,-0.0737181007862091,0.013208627700805664,0.04777011275291443,-0.2378605604171753,0.016301073133945465,0.005171224474906921,0.14567957818508148,-0.06281629949808121,0.1640819013118744,1.0
-0.0643337219953537,0.21086890995502472,-0.017743393778800964,-0.062309518456459045,-0.07294370979070663,0.01482708752155304,0.04815153777599335,-0.23643095791339874,0.01613735407590866,0.005956172943115234,0.14521068334579468,-0.06414683908224106,0.16433942317962646,1.0
-0.06479848921298981,0.21056240797042847,-0.01807178556919098,-0.061992838978767395,-0.07276798784732819,0.015836790204048157,0.04803010821342468,-0.23597988486289978,0.014781847596168518,0.005528785288333893,0.14418043196201324,-0.06428530812263489,0.16462397575378418,1.0
-0.06365320831537247,0.2111722081899643,-0.017786100506782532,-0.06358271837234497,-0.07298606634140015,0.015384465456008911,0.0484018549323082,-0.2368866354227066,0.01615959033370018,0.005410060286521912,0.14573445916175842,-0.06457465887069702,0.1641123741865158,1.0
-0.06384236365556717,0.2117331326007843,-0.018133938312530518,-0.0622565932571888,-0.07331627607345581,0.014124244451522827,0.04766874760389328,-0.23780184984207153,0.01570015773177147,0.006885439157485962,0.14507387578487396,-0.0637623593211174,0.16509437561035156,1.0
-0.06473569571971893,0.21024839580059052,-0.018120601773262024,-0.06284952163696289,-0.07281839847564697,0.01548708975315094,0.048589177429676056,-0.23614569008350372,0.015622187405824661,0.005463510751724243,0.14518815279006958,-0.06417466700077057,0.16387276351451874,1.0
-0.06336705386638641,0.2124512791633606,-0.0178946852684021,-0.06257486343383789,-0.0737229734659195,0.011881314218044281,0.04725106805562973,-0.23876634240150452,0.01656084507703781,0.005977913737297058,0.14592647552490234,-0.06247887760400772,0.16418123245239258,1.0
-0.06286264955997467,0.21133677661418915,-0.018233641982078552,-0.0629769042134285,-0.0731947124004364,0.014077894389629364,0.0480705164372921,-0.23835718631744385,0.01623353362083435,0.005726084113121033,0.14593592286109924,-0.06377707421779633,0.1640280932188034,1.0
-0.0632876455783844,0.21217042207717896,-0.0182182639837265,-0.06255079805850983,-0.07267402112483978,0.014246493577957153,0.048012882471084595,-0.23749838769435883,0.016016226261854172,0.006273224949836731,0.1456628143787384,-0.06351945549249649,0.16468359529972076,1.0
-0.06190818175673485,0.21395975351333618,-0.017203181982040405,-0.06318751722574234,-0.0728222131729126,0.013366654515266418,0.04681512713432312,-0.2383839339017868,0.016945689916610718,0.006136044859886169,0.1456412672996521,-0.0625080093741417,0.16496232151985168,1.0
-0.0626516193151474,0.2123156487941742,-0.01836352050304413,-0.06252321600914001,-0.07311147451400757,0.014525890350341797,0.04721544682979584,-0.23752076923847198,0.016222789883613586,0.006435804069042206,0.14454713463783264,-0.0633174329996109,0.16467183828353882,1.0
-0.06479518115520477,0.2102864682674408,-0.018223077058792114,-0.062511146068573,-0.07324297726154327,0.015827752649784088,0.048118215054273605,-0.23636476695537567,0.01527596265077591,0.005528174340724945,0.14475734531879425,-0.06467466056346893,0.16446775197982788,1.0
-0.060908254235982895,0.21212948858737946,-0.018139824271202087,-0.06365840137004852,-0.07360509783029556,0.011720120906829834,0.047307029366493225,-0.23928458988666534,0.017719276249408722,0.004076272249221802,0.14643684029579163,-0.061664871871471405,0.16290323436260223,1.0
-0.06182599067687988,0.21435226500034332,-0.01824222505092621,-0.062394749373197556,-0.07378769665956497,0.010876774787902832,0.0462503656744957,-0.239674910902977,0.016744978725910187,0.006561733782291412,0.14521385729312897,-0.06082266569137573,0.16510531306266785,1.0
-0.06420980393886566,0.21161040663719177,-0.018044516444206238,-0.0627700686454773,-0.07336394488811493,0.014315187931060791,0.04818744212388992,-0.23730754852294922,0.015862632542848587,0.006166413426399231,0.14535030722618103,-0.06349901109933853,0.16449710726737976,1.0
-0.06565079092979431,0.21098443865776062,-0.0176708847284317,-0.06374296545982361,-0.07340021431446075,0.014651909470558167,0.048068732023239136,-0.23639816045761108,0.01617373153567314,0.0060169994831085205,0.1455918550491333,-0.06364241987466812,0.16406762599945068,1.0
-0.06352514028549194,0.2109314203262329,-0.018081679940223694,-0.06282582879066467,-0.07337093353271484,0.014382749795913696,0.04805543273687363,-0.23834538459777832,0.015362903475761414,0.0051634907722473145,0.14579732716083527,-0.06405463814735413,0.16442689299583435,1.0
-0.06050301715731621,0.21502317488193512,-0.018287286162376404,-0.061924975365400314,-0.07267418503761292,0.008094988763332367,0.04722908139228821,-0.24174296855926514,0.01730768382549286,0.006236962974071503,0.14797797799110413,-0.06007315218448639,0.1641419678926468,1.0
-0.06544490903615952,0.20927941799163818,-0.01798968017101288,-0.06333288550376892,-0.0731060728430748,0.01755008101463318,0.04827544093132019,-0.235548734664917,0.015013504773378372,0.00523010641336441,0.1439405083656311,-0.0652523785829544,0.1639312505722046,1.0
-0.06290527433156967,0.21244531869888306,-0.018591314554214478,-0.06256318092346191,-0.0729590654373169,0.013916604220867157,0.047001421451568604,-0.2382948249578476,0.014999791979789734,0.006496638059616089,0.14448493719100952,-0.0627436637878418,0.1646774262189865,1.0
-0.06300297379493713,0.21259573101997375,-0.017842933535575867,-0.06232992559671402,-0.07286486774682999,0.01418931782245636,0.04722745716571808,-0.23715636134147644,0.016220420598983765,0.0066726356744766235,0.1447029411792755,-0.06312787532806396,0.16500438749790192,1.0
-0.06292776763439178,0.21203623712062836,-0.018455877900123596,-0.0634370967745781,-0.0733901783823967,0.01269242912530899,0.047604359686374664,-0.23823484778404236,0.016925543546676636,0.0054874420166015625,0.14633695781230927,-0.06262736022472382,0.16372150182724,1.0
-0.06505020707845688,0.20915642380714417,-0.018622756004333496,-0.06238120049238205,-0.07329991459846497,0.016385480761528015,0.04827035963535309,-0.23576860129833221,0.01459646224975586,0.004824347794055939,0.14418143033981323,-0.06483633816242218,0.16389301419258118,1.0
-0.06402012705802917,0.21148428320884705,-0.0179729163646698,-0.06322760879993439,-0.0737181007862091,0.013208627700805664,0.04777011275291443,-0.2378605604171753,0.016301073133945465,0.005171224474906921,0.14567957818508148,-0.06281629949808121,0.1640819013118744,1.0
-0.06313759833574295,0.211619034409523,-0.017819255590438843,-0.06380772590637207,-0.0736197978258133,0.012813560664653778,0.04746466875076294,-0.23885513842105865,0.016779541969299316,0.005363062024116516,0.14599964022636414,-0.06222057342529297,0.16392530500888824,1.0
-0.06354711949825287,0.21040187776088715,-0.018599674105644226,-0.06279616057872772,-0.07397730648517609,0.01479317992925644,0.04763177037239075,-0.23680080473423004,0.01583818718791008,0.005452349781990051,0.1443573236465454,-0.06353305280208588,0.16379500925540924,1.0
-0.06513534486293793,0.20940935611724854,-0.01826857030391693,-0.0629345029592514,-0.07287827134132385,0.017255648970603943,0.04905245453119278,-0.2358124852180481,0.014678321778774261,0.00514298677444458,0.1454014629125595,-0.06578462570905685,0.1639350950717926,1.0
-0.06577911972999573,0.208230122923851,-0.01843760907649994,-0.06302569806575775,-0.07347162812948227,0.017979949712753296,0.0488593727350235,-0.234972283244133,0.014494352042675018,0.004569724202156067,0.14397349953651428,-0.06575295329093933,0.16368646919727325,1.0
-0.06474573910236359,0.21010203659534454,-0.01808832585811615,-0.06304778158664703,-0.07346491515636444,0.015268988907337189,0.048362553119659424,-0.23676884174346924,0.015446435660123825,0.005323946475982666,0.14503857493400574,-0.06439048051834106,0.16400200128555298,1.0
-0.06605318188667297,0.2078770399093628,-0.01783709228038788,-0.06329689919948578,-0.07309501618146896,0.018230848014354706,0.049330323934555054,-0.23468416929244995,0.014784935861825943,0.00432199239730835,0.1444350928068161,-0.06620913743972778,0.1634736806154251,1.0
-0.06522325426340103,0.21030175685882568,-0.017166435718536377,-0.06324660032987595,-0.0727541521191597,0.015842802822589874,0.04872734844684601,-0.2363871932029724,0.015567682683467865,0.004987388849258423,0.14523808658123016,-0.06444769352674484,0.16406935453414917,1.0
-0.0643337219953537,0.21086890995502472,-0.017743393778800964,-0.062309518456459045,-0.07294370979070663,0.01482708752155304,0.04815153777599335,-0.23643095791339874,0.01613735407590866,0.005956172943115234,0.14521068334579468,-0.06414683908224106,0.16433942317962646,1.0
-0.060908254235982895,0.21212948858737946,-0.018139824271202087,-0.06365840137004852,-0.07360509783029556,0.011720120906829834,0.047307029366493225,-0.23928458988666534,0.017719276249408722,0.004076272249221802,0.14643684029579163,-0.061664871871471405,0.16290323436260223,1.0
-0.06402012705802917,0.21148428320884705,-0.0179729163646698,-0.06322760879993439,-0.0737181007862091,0.013208627700805664,0.04777011275291443,-0.2378605604171753,0.016301073133945465,0.005171224474906921,0.14567957818508148,-0.06281629949808121,0.1640819013118744,1.0
